t,secure_bps,violations,k_min,k_mean,q_total,aos_mean,aos_max,rekey
0,245000000.0,0,2334375.0,2660980.902777778,0,0.7964987229967943,0.8563935128191404,0
1,245000000.0,0,2143750.0,2796961.8055555555,0,1.8051493692225913,1.93250961650542,0
2,245000000.0,0,1953125.0,2932942.7083333335,0,2.8185597193609215,3.0234759802980875,0
3,245000000.0,0,1762500.0,3068923.611111111,0,3.837977904954242,4.134108307343351,0
4,245000000.0,0,1571875.0,3204904.513888889,0,4.865296786758442,5.271556862433442,0
5,245000000.0,0,1381250.0,3340885.4166666665,0,5.903491764665019,6.446916259721469,0
6,245000000.0,0,1190625.0,3476866.3194444445,0,6.9574802016480195,7.678380362949754,0
7,245000000.0,0,1000000.0,3612847.222222222,0,8.035964152958949,8.998001998001998,0
8,245000000.0,0,809375.0,3748828.125,0,9.155875202702008,10.467993213018664,0
9,245000000.0,0,618750.0,3886374.1189912325,0,8.718167289562318,12.227107704719645,0
10,245000000.0,0,428125.0,4025641.368206651,0,8.995485834161029,14.66064666472473,0
11,245000000.0,0,237500.0,4164908.6174220685,0,10.658204918999157,19.38574423480084,0
12,245000000.0,0,46875.0,4210367.307085689,0,18.701460614906626,53.775456919060055,2
13,208200000.0,1,0.0,4220651.349739104,36800000,34.60494286786217,133.0,2
14,196200000.0,1,0.0,4234841.642392517,85600000,34.75541115481465,134.0,2
15,196200000.0,1,0.0,4249031.9350459315,134400000,35.09418648985538,135.0,2
16,196200000.0,1,0.0,4264172.364580239,183200000,32.63165653312021,136.0,2
17,196200000.0,1,0.0,4279312.794114548,232000000,32.96460686010537,137.0,2
18,196200000.0,1,0.0,4294453.2236488545,280800000,33.34326270302976,138.0,2
19,196200000.0,1,0.0,4309593.653183163,329600000,33.754059795311335,139.0,2
20,196200000.0,1,0.0,4325101.912664297,378400000,34.188189987760865,140.0,2
21,196200000.0,1,0.0,4338649.719365987,427200000,34.64053798758714,141.0,2
22,196200000.0,1,0.0,4350739.909125899,476000000,35.1069089150801,142.0,2
23,196200000.0,1,0.0,4360638.258608034,524800000,35.58460909092864,143.0,2
24,196200000.0,1,0.0,4369885.566423503,573600000,36.07108169005535,144.0,2
25,196200000.0,1,0.0,4379132.874238972,622400000,36.564559244573275,145.0,2
26,196200000.0,1,0.0,4386540.050493756,671200000,32.33704945388945,146.0,2
27,196200000.0,1,0.0,4393012.147264122,720000000,32.6600609078966,147.0,2
28,196200000.0,1,0.0,4398268.659330361,768800000,32.98746248397826,148.0,2
29,196200000.0,1,0.0,4402440.30656972,817600000,33.31860288201855,149.0,2
30,196200000.0,1,0.0,4406611.953809079,866400000,33.65269662969695,150.0,2
31,196200000.0,1,0.0,4411078.799723401,915200000,33.98912486869463,151.0,2
32,196200000.0,1,0.0,4415545.645637722,964000000,34.32778808645205,152.0,2
33,196200000.0,1,0.0,4420012.491552044,1012800000,34.66841164445518,153.0,2
34,196200000.0,1,0.0,4424479.337466364,1061600000,35.010764550704245,154.0,2
35,196200000.0,1,0.0,4428946.183380686,1110400000,35.35465109758444,155.0,2
36,196200000.0,1,0.0,4433413.029295006,1159200000,35.6999043528031,156.0,2
37,196200000.0,1,0.0,4437879.875209328,1208000000,36.04638104125474,157.0,2
38,196200000.0,1,0.0,4442347.50711728,1256800000,29.48486657378176,158.0,2
39,196200000.0,1,0.0,4446805.993763806,1305600000,29.651619799875903,159.0,2
40,196200000.0,1,0.0,4449483.160117204,1354400000,29.819761953153293,160.0,2
41,196200000.0,1,0.0,4452160.326470602,1403200000,29.988708102034494,161.0,2
42,196200000.0,1,0.0,4454837.492824001,1452000000,30.158386541536462,162.0,2
43,196200000.0,1,0.0,4457514.659177398,1500800000,30.32873394061227,163.0,2
44,196200000.0,1,0.0,4460191.825530797,1549600000,30.499694150222293,164.0,2
45,196200000.0,1,0.0,4462868.991884196,1598400000,30.671217209585087,165.0,2
46,196200000.0,1,0.0,4465702.612475485,1647200000,30.843172442444867,166.0,2
47,196200000.0,1,0.0,4468536.233066772,1696000000,31.015609430707027,167.0,2
48,196200000.0,1,0.0,4471369.8536580615,1744800000,31.18849212622206,168.0,2
49,196200000.0,1,0.0,4474203.47424935,1793600000,31.361788043243152,169.0,2
50,196200000.0,1,0.0,4477037.094840638,1842400000,31.53546782646225,170.0,2
51,196200000.0,1,0.0,4479870.715431926,1891200000,31.70950488055537,171.0,2
52,196200000.0,1,0.0,4482701.573686068,1940000000,31.883875821555048,172.0,2
53,196200000.0,1,0.0,4484319.814190796,1988800000,32.058893002120286,173.0,2
54,196200000.0,1,0.0,4485938.054695524,2037600000,32.23419528905637,174.0,2
55,196200000.0,1,0.0,4487556.29520025,2086400000,32.4097644957441,175.0,2
56,196200000.0,1,0.0,4489174.535704979,2135200000,32.58558396714444,176.0,2
57,196200000.0,1,0.0,4490792.7762097055,2184000000,32.761638421145655,177.0,2
58,196200000.0,1,0.0,4492457.162982375,2232800000,32.93789404794097,178.0,2
59,196200000.0,1,0.0,4494121.549755045,2281600000,33.11435844590812,179.0,2
60,196200000.0,1,0.0,4495785.936527715,2330400000,33.29101964650512,180.0,2
61,196200000.0,1,0.0,4497450.323300386,2379200000,33.46786658986568,181.0,2
62,196200000.0,1,0.0,4499450.9499395685,2428000000,33.64475652331265,182.0,2
63,196200000.0,1,0.0,4501451.576578754,2476800000,33.82181832665828,183.0,2
64,196200000.0,1,0.0,4503452.203217938,2525600000,33.99904290280524,184.0,2
65,196200000.0,1,0.0,4505452.829857122,2574400000,34.176421791621806,185.0,2
66,196200000.0,1,0.0,4507453.456496307,2623200000,34.35394711484195,186.0,2
67,196200000.0,1,0.0,4509454.083135491,2672000000,34.53161152660908,187.0,2
68,196200000.0,1,0.0,4511454.709774677,2720800000,34.7094081689986,188.0,2
69,196200000.0,1,0.0,4513455.336413859,2769600000,34.88733063194274,189.0,2
70,196200000.0,1,0.0,4515455.963053044,2818400000,35.065372917056216,190.0,2
71,196200000.0,1,0.0,4517456.5896922285,2867200000,35.24352940492565,191.0,2
72,196200000.0,1,0.0,4519457.216331413,2916000000,35.421794825480866,192.0,2
73,196200000.0,1,0.0,4521457.842970598,2964800000,35.600164231113624,193.0,2
74,196200000.0,1,0.0,4523780.346432206,3013600000,35.77853795892156,194.0,2
75,196200000.0,1,0.0,4526102.849893817,3062400000,35.957011213268494,195.0,2
76,196200000.0,1,0.0,4527429.561620584,3111200000,36.13585976783532,196.0,2
77,196200000.0,1,0.0,4527990.87243868,3160000000,36.315004673035396,197.0,2
78,196200000.0,1,0.0,4528552.183256776,3208800000,36.49422436609519,198.0,2
79,196200000.0,1,0.0,4529113.494074873,3257600000,36.67351565732096,199.0,2
80,196200000.0,1,0.0,4529674.804892969,3306400000,36.85287553647701,200.0,2
81,196200000.0,1,0.0,4530236.115711065,3355200000,37.032301160335074,201.0,2
82,196200000.0,1,0.0,4530797.426529162,3404000000,37.21178984124623,202.0,2
83,196200000.0,1,0.0,4531358.737347257,3452800000,37.39133903663849,203.0,2
84,196200000.0,1,0.0,4531920.048165354,3501600000,37.570946339353945,204.0,2
85,196200000.0,1,0.0,4532481.358983451,3550400000,37.75060946874809,205.0,2
86,196200000.0,1,0.0,4533042.669801546,3599200000,37.930326262482076,206.0,2
87,196200000.0,1,0.0,4533603.980619643,3648000000,38.11009466894587,207.0,2
88,196200000.0,1,0.0,4534165.291437739,3696800000,38.28991274025635,208.0,2
89,196200000.0,1,0.0,4534726.602255835,3745600000,38.469778625780116,209.0,2
90,196200000.0,1,0.0,4535287.913073931,3794400000,38.64969056613575,210.0,2
91,196200000.0,1,0.0,4535849.223892028,3843200000,38.82964688763452,211.0,2
92,196200000.0,1,0.0,4536410.534710123,3892000000,39.00964599712266,212.0,2
93,196200000.0,1,0.0,4536971.84552822,3940800000,39.18968637719186,213.0,2
94,196200000.0,1,0.0,4537782.012372124,3989600000,30.82412809302968,214.0,2
95,196200000.0,1,0.0,4538592.176530941,4038400000,30.913155972452657,215.0,2
96,196200000.0,1,0.0,4539402.34068976,4087200000,31.00222320152475,216.0,2
97,196200000.0,1,0.0,4540212.504848578,4136000000,31.091328491540096,217.0,2
98,196200000.0,1,0.0,4541022.669007396,4184800000,31.18047061074924,218.0,2
99,196200000.0,1,0.0,4541832.833166216,4233600000,31.269648381217518,219.0,2
100,196200000.0,1,0.0,4542642.997325033,4282400000,31.35886067588998,220.0,2
101,196200000.0,1,0.0,4543453.16148385,4331200000,31.448106415846965,221.0,2
102,196200000.0,1,0.0,4544263.32564267,4380000000,31.537384567736236,222.0,2
103,196200000.0,1,0.0,4545073.489801488,4428800000,31.626694141368333,223.0,2
104,196200000.0,1,0.0,4545883.659372816,4477600000,31.71603418381629,224.0,2
105,196200000.0,1,0.0,4546693.828944146,4526400000,31.805403788307146,225.0,2
106,196200000.0,1,0.0,4547503.998515474,4575200000,31.89480208116994,226.0,2
107,196200000.0,1,0.0,4548314.168086801,4624000000,31.984228223685548,227.0,2
108,196200000.0,1,0.0,4549124.337658131,4672800000,32.07368141033723,228.0,2
109,196200000.0,1,0.0,4549934.507229459,4721600000,32.163160867165566,229.0,2
110,196200000.0,1,0.0,4550744.6768007865,4770400000,32.25266585022088,230.0,2
111,196200000.0,1,0.0,4551554.8463721145,4819200000,32.342195644106134,231.0,2
112,196200000.0,1,0.0,4552365.0159434425,4868000000,32.4317495606044,232.0,2
113,196200000.0,1,0.0,4553175.18551477,4916800000,32.5213269373852,233.0,2
114,196200000.0,1,0.0,4553985.355086099,4965600000,32.61092713678425,234.0,2
115,196200000.0,1,0.0,4554795.524657427,5014400000,32.70054954465215,235.0,2
116,196200000.0,1,0.0,4555605.694228755,5063200000,32.79019356926716,236.0,2
117,196200000.0,1,0.0,4556415.863800085,5112000000,32.87985864030813,237.0,2
118,196200000.0,1,0.0,4557226.033371413,5160800000,32.96954420788366,238.0,2
119,196200000.0,1,0.0,4558036.20294274,5209600000,33.05924974161397,239.0,2
120,196200000.0,1,0.0,4558846.372514069,5258400000,33.148974729762024,240.0,2
121,196200000.0,1,0.0,4559656.542085398,5307200000,33.23871867841112,241.0,2
122,196200000.0,1,0.0,4560466.711656725,5356000000,33.32848111068566,242.0,2
123,196200000.0,1,0.0,4561276.881228054,5404800000,33.41826156601296,243.0,2
124,196200000.0,1,0.0,4562087.050799382,5453600000,33.508059599423106,244.0,2
125,196200000.0,1,0.0,4562897.22037071,5502400000,33.59787478088497,245.0,2
126,196200000.0,1,0.0,4563707.389942039,5551200000,33.687706694675974,246.0,2
127,196200000.0,1,0.0,4564517.559513367,5600000000,33.77755493878374,247.0,2
128,196200000.0,1,0.0,4565327.729084695,5648800000,33.86741912433769,248.0,2
129,196200000.0,1,0.0,4566137.898656023,5697600000,33.95729887506889,249.0,2
130,196200000.0,1,0.0,4566948.068227353,5746400000,34.04719382679651,250.0,2
131,196200000.0,1,0.0,4567758.23779868,5795200000,34.13710362693932,251.0,2
132,196200000.0,1,0.0,4568568.407370008,5844000000,34.2270279340509,252.0,2
133,196200000.0,1,0.0,4569670.586095273,5892800000,34.316966417377174,253.0,2
134,196200000.0,1,0.0,4570772.7648205375,5941600000,30.838278456134482,254.0,2
135,196200000.0,1,0.0,4571878.616209551,5990400000,28.71778658869258,255.0,2
136,196200000.0,1,0.0,4572984.467598564,6039200000,27.62048257592894,256.0,2
137,196200000.0,1,0.0,4574090.318987577,6088000000,26.969472873496105,257.0,1
138,196200000.0,1,0.0,4575196.170376591,6136800000,26.552941024930977,258.0,1
139,196200000.0,1,0.0,4576302.021765605,6185600000,26.27480474459319,259.0,1
140,196200000.0,1,0.0,4577407.873154619,6234400000,26.08517068233473,260.0,1
141,196200000.0,1,0.0,4578513.724543632,6283200000,25.955557037447,261.0,1
142,196200000.0,1,0.0,4579619.575932645,6332000000,25.868520536510072,262.0,1
143,196200000.0,1,0.0,4580725.427321659,6380800000,25.812781099087633,263.0,1
144,196200000.0,1,0.0,4581831.278710674,6429600000,25.78072070352201,264.0,1
145,196200000.0,1,0.0,4582937.130099688,6478400000,25.76700882342362,265.0,1
146,196200000.0,1,0.0,4584042.981488701,6527200000,25.767803767006175,266.0,1
147,196200000.0,1,0.0,4585148.832877714,6576000000,25.780266791734103,267.0,1
148,196200000.0,1,0.0,4586254.684266727,6624800000,25.802254844645066,268.0,1
149,196200000.0,1,0.0,4587360.535655741,6673600000,25.83211973879015,269.0,1
150,196200000.0,1,0.0,4588471.962196512,6722400000,25.868570496205766,270.0,1
151,196200000.0,1,0.0,4589583.388737284,6771200000,25.910588079556124,271.0,1
152,196200000.0,1,0.0,4590694.815278055,6820000000,25.957351887249988,272.0,1
153,196200000.0,1,0.0,4591806.241818827,6868800000,26.008195240504566,273.0,1
154,196200000.0,1,0.0,4592917.668359597,6917600000,26.062570904606208,274.0,1
155,196200000.0,1,0.0,4594029.094900369,6966400000,26.12002548086662,275.0,1
156,196200000.0,1,0.0,4595140.52144114,7015200000,26.180180116115718,276.0,1
157,196200000.0,1,0.0,4596251.947981912,7064000000,26.242715783232164,277.0,1
158,196200000.0,1,0.0,4597363.374522683,7112800000,26.307361917047732,278.0,1
159,196200000.0,1,0.0,4598474.801063454,7161600000,26.37388754592888,279.0,1
160,196200000.0,1,0.0,4599586.227604225,7210400000,26.442094302184454,280.0,1
161,196200000.0,1,0.0,4600697.749856531,7259200000,26.51181074985892,281.0,1
162,196200000.0,1,0.0,4601809.272108834,7308000000,26.582888267119426,282.0,1
163,196200000.0,1,0.0,4602920.79436114,7356800000,26.6551970965927,283.0,1
164,196200000.0,1,0.0,4604032.316613445,7405600000,26.728623525486807,284.0,1
165,196200000.0,1,0.0,4605143.838865749,7454400000,26.80306747841678,285.0,1
166,196200000.0,1,0.0,4606255.361118053,7503200000,26.878440531040187,286.0,1
167,196200000.0,1,0.0,4607366.8833703585,7552000000,26.954664261105616,287.0,1
168,196200000.0,1,0.0,4608478.405622663,7600800000,27.031668871886055,288.0,1
169,196200000.0,1,0.0,4609589.927874967,7649600000,27.109392036908368,289.0,1
170,196200000.0,1,0.0,4610701.450127272,7698400000,27.187777925555597,290.0,1
171,196200000.0,1,0.0,4612033.28147913,7747200000,27.26654832478404,291.0,1
172,196200000.0,1,0.0,4613365.112830986,7796000000,27.34589306906884,292.0,1
173,196200000.0,1,0.0,4614697.812249958,7844800000,27.4257702270283,293.0,1
174,196200000.0,1,0.0,4616030.511668928,7893600000,27.506143485806845,294.0,1
175,196200000.0,1,0.0,4617363.211087899,7942400000,27.586979052900734,295.0,1
176,196200000.0,1,0.0,4618774.325177011,7991200000,27.6682157252199,296.0,1
177,196200000.0,1,0.0,4620185.439266122,8040000000,27.749856331788166,297.0,1
178,196200000.0,1,0.0,4621596.553355234,8088800000,27.831875209401765,298.0,1
179,196200000.0,1,0.0,4623007.667444345,8137600000,27.91424884865667,299.0,1
180,196200000.0,1,0.0,4624418.781533456,8186400000,27.99695567170879,300.0,1
181,196200000.0,1,0.0,4625829.895622568,8235200000,28.079975837039477,301.0,1
182,196200000.0,1,0.0,4627241.009711679,8284000000,28.163291067471597,302.0,1
183,196200000.0,1,0.0,4628652.123800791,8332800000,28.24688449826635,303.0,1
184,196200000.0,1,0.0,4630063.237889903,8381600000,28.33074054261579,304.0,1
185,196200000.0,1,0.0,4631474.3519790135,8430400000,28.414844772248614,305.0,1
186,196200000.0,1,0.0,4632885.466068125,8479200000,28.49918381120294,306.0,1
187,196200000.0,1,0.0,4634296.580157237,8528000000,28.583745241101155,307.0,1
188,196200000.0,1,0.0,4635707.694246348,8576800000,28.668517516498245,308.0,1
189,196200000.0,1,0.0,4637118.808335459,8625600000,28.753489889074476,309.0,1
190,196200000.0,1,0.0,4638529.922424572,8674400000,28.83865233961167,310.0,1
191,196200000.0,1,0.0,4639941.036513682,8723200000,28.923995516835557,311.0,1
192,196200000.0,1,0.0,4641352.150602793,8772000000,29.009510682328003,312.0,1
193,196200000.0,1,0.0,4642763.264691906,8820800000,29.09518966081706,313.0,1
194,196200000.0,1,0.0,4644174.378781017,8869600000,29.181024795241317,314.0,1
195,196200000.0,1,0.0,4645585.492870129,8918400000,29.267008906061484,315.0,1
196,196200000.0,1,0.0,4646996.60695924,8967200000,29.353135254357404,316.0,1
197,196200000.0,1,0.0,4648943.202763441,9016000000,29.439221874364183,317.0,1
198,196200000.0,1,0.0,4650889.79856764,9064800000,29.525442541189967,318.0,1
199,196200000.0,1,0.0,4652836.39437184,9113600000,29.611791536957245,319.0,1
200,196200000.0,1,0.0,4654782.990176041,9162400000,29.69826347094829,320.0,1
201,196200000.0,1,0.0,4656729.58598024,9211200000,29.784853256288862,321.0,1
202,196200000.0,1,0.0,4658676.18178444,9260000000,29.871556088608884,322.0,1
203,196200000.0,1,0.0,4660622.777588639,9308800000,29.958367426486777,323.0,1
204,196200000.0,1,0.0,4662569.373392839,9357600000,30.045282973505326,324.0,1
205,196200000.0,1,0.0,4664515.9691970395,9406400000,30.13229866176587,325.0,1
206,196200000.0,1,0.0,4666462.565001239,9455200000,30.219410636723833,326.0,1
207,196200000.0,1,0.0,4667557.403294457,9504000000,30.306855116829976,327.0,1
208,196200000.0,1,0.0,4668505.457790021,9552800000,30.394426252845278,328.0,1
209,196200000.0,1,0.0,4669453.512285584,9601600000,30.482079194935693,329.0,1
210,196200000.0,1,0.0,4670401.566781146,9650400000,30.569810901351612,330.0,1
211,196200000.0,1,0.0,4671349.621276709,9699200000,30.65761848127421,331.0,1
212,196200000.0,1,0.0,4672297.675772273,9748000000,30.745499185501796,332.0,1
213,196200000.0,1,0.0,4673245.730267834,9796800000,30.833450397820073,333.0,1
214,196200000.0,1,0.0,4674193.784763399,9845600000,30.921469626998338,334.0,1
215,196200000.0,1,0.0,4675141.7435474275,9894400000,31.00955454905143,335.0,1
216,196200000.0,1,0.0,4676089.702331457,9943200000,31.0977028499584,336.0,1
217,196200000.0,1,0.0,4677037.661115487,9992000000,31.185912370956338,337.0,1
218,196200000.0,1,0.0,4677985.619899516,10040800000,31.274181051531194,338.0,1
219,196200000.0,1,0.0,4678933.578683546,10089600000,31.362506923848773,339.0,1
220,196200000.0,1,0.0,4679881.537467577,10138400000,31.450888107562026,340.0,1
221,196200000.0,1,0.0,4680829.496251605,10187200000,31.539322804965025,341.0,1
222,196200000.0,1,0.0,4681777.455035635,10236000000,31.627809296466943,342.0,1
223,196200000.0,1,0.0,4682725.413819666,10284800000,31.71634593636163,343.0,1
224,196200000.0,1,0.0,4683673.372603695,10333600000,31.8049311488704,344.0,1
225,196200000.0,1,0.0,4684621.331387725,10382400000,31.893563424437534,345.0,1
226,196200000.0,1,0.0,4685569.290171754,10431200000,31.982241316260037,346.0,1
227,196200000.0,1,0.0,4686517.248955783,10480000000,32.070963437034216,347.0,1
228,196200000.0,1,0.0,4687465.207739813,10528800000,32.159728455903675,348.0,1
229,196200000.0,1,0.0,4688413.166523843,10577600000,32.248535095594036,349.0,1
230,196200000.0,1,0.0,4689361.125307873,10626400000,32.33738212972139,350.0,1
231,196200000.0,1,0.0,4690309.084091903,10675200000,32.426268380262044,351.0,1
232,196200000.0,1,0.0,4691257.0428759325,10724000000,32.515192715172574,352.0,1
233,196200000.0,1,0.0,4692205.001659962,10772800000,32.60415404614971,353.0,1
234,196200000.0,1,0.0,4693152.960443992,10821600000,32.69315132652057,354.0,1
235,196200000.0,1,0.0,4694100.919228021,10870400000,32.78218354925447,355.0,1
236,196200000.0,1,0.0,4695048.878012051,10919200000,32.871249745088136,356.0,1
237,196200000.0,1,0.0,4695996.83679608,10968000000,32.96034898075692,357.0,1
238,196200000.0,1,0.0,4696944.79558011,11016800000,33.04948035732493,358.0,1
239,196200000.0,1,0.0,4697892.754364139,11065600000,33.13864300860782,359.0,1
240,196200000.0,1,0.0,4698840.713148169,11114400000,33.227836099682115,360.0,1
241,196200000.0,1,0.0,4699788.671932199,11163200000,33.31705882547572,361.0,1
242,196200000.0,1,0.0,4700736.630716229,11212000000,33.40631040943434,362.0,1
243,196200000.0,1,0.0,4701684.589500259,11260800000,33.49559010225919,363.0,1
244,196200000.0,1,0.0,4702632.5482842885,11309600000,33.58489718071152,364.0,1
245,196200000.0,1,0.0,4703580.507068317,11358400000,33.674230946479774,365.0,1
246,196200000.0,1,0.0,4704528.465852347,11407200000,33.76359072510578,366.0,1
247,196200000.0,1,0.0,4705476.424636377,11456000000,33.852975864966155,367.0,1
248,196200000.0,1,0.0,4706424.394311821,11504800000,33.942385732494046,368.0,1
249,196200000.0,1,0.0,4707372.363987267,11553600000,34.03181972277894,369.0,1
250,196200000.0,1,0.0,4708320.333662711,11602400000,34.121277247093786,370.0,1
251,196200000.0,1,0.0,4709268.303338155,11651200000,34.21075773596273,371.0,1
252,196200000.0,1,0.0,4710216.273013601,11700000000,34.30026063837388,372.0,1
253,196200000.0,1,0.0,4711164.242689045,11748800000,34.38978542103059,373.0,1
254,196200000.0,1,0.0,4712112.21236449,11797600000,34.479331567639136,374.0,1
255,196200000.0,1,0.0,4713060.182039935,11846400000,34.56889857823061,375.0,1
256,196200000.0,1,0.0,4714008.151715379,11895200000,34.65848596851522,376.0,1
257,196200000.0,1,0.0,4714956.121390823,11944000000,34.74809326926722,377.0,1
258,196200000.0,1,0.0,4715904.091066268,11992800000,34.837720025738655,378.0,1
259,196200000.0,1,0.0,4716852.060741713,12041600000,34.92736579710048,379.0,1
260,196200000.0,1,0.0,4717800.030417157,12090400000,35.01703015590948,380.0,1
261,196200000.0,1,0.0,4718748.000092601,12139200000,35.106712687599725,381.0,1
262,196200000.0,1,0.0,4719695.969768046,12188000000,35.19641298999703,382.0,1
263,196200000.0,1,0.0,4720643.939443491,12236800000,35.28613067285548,383.0,1
264,196200000.0,1,0.0,4721591.909118936,12285600000,35.375865357414625,384.0,1
265,196200000.0,1,0.0,4722539.87879438,12334400000,35.465616675976484,385.0,1
266,196200000.0,1,0.0,4723487.848469825,12383200000,35.55538427150104,386.0,1
267,196200000.0,1,0.0,4724435.81814527,12432000000,35.64516779721964,387.0,1
268,196200000.0,1,0.0,4725383.7878207145,12480800000,35.73496691626511,388.0,1
269,196200000.0,1,0.0,4725883.066995793,12529600000,35.82490828986432,389.0,1
270,196200000.0,1,0.0,4726179.53480711,12578400000,35.9149205023988,390.0,1
271,196200000.0,1,0.0,4726476.002618427,12627200000,36.00494558994526,391.0,1
272,196200000.0,1,0.0,4726772.470429745,12676000000,36.094983277241276,392.0,1
273,196200000.0,1,0.0,4727068.938241062,12724800000,36.18503329681559,393.0,1
274,196200000.0,1,0.0,4727365.406052379,12773600000,36.27509538871437,394.0,1
275,196200000.0,1,0.0,4727661.087870065,12822400000,36.3651714990526,395.0,1
276,196200000.0,1,0.0,4727956.76968775,12871200000,36.45525912266958,396.0,1
277,196200000.0,1,0.0,4728252.451505436,12920000000,36.54535802250252,397.0,1
278,196200000.0,1,0.0,4728548.133323121,12968800000,36.635467967952536,398.0,1
279,196200000.0,1,0.0,4728843.815140806,13017600000,36.72558873466588,399.0,1
280,196200000.0,1,0.0,4729139.49695849,13066400000,36.81572010432387,400.0,1
281,196200000.0,1,0.0,4729435.178776177,13115200000,36.90586186444139,401.0,1
282,196200000.0,1,0.0,4729730.860593862,13164000000,36.996013808173295,402.0,1
283,196200000.0,1,0.0,4730026.542411547,13212800000,37.086175734128524,403.0,1
284,196200000.0,1,0.0,4730322.224229233,13261600000,37.176347446191514,404.0,1
285,196200000.0,1,0.0,4730617.906046918,13310400000,37.266528753350606,405.0,1
286,196200000.0,1,0.0,4730913.587864604,13359200000,37.35671946953303,406.0,1
287,196200000.0,1,0.0,4731209.269682289,13408000000,37.44691941344638,407.0,1
288,196200000.0,1,0.0,4731504.951499973,13456800000,37.53712840842598,408.0,1
289,196200000.0,1,0.0,4731800.63331766,13505600000,37.62734628228825,409.0,1
290,196200000.0,1,0.0,4732096.315135345,13554400000,37.71757286718947,410.0,1
291,196200000.0,1,0.0,4732517.569577578,13603200000,37.807524323757676,411.0,1
292,196200000.0,1,0.0,4732938.824019813,13652000000,37.89749267098892,412.0,1
293,196200000.0,1,0.0,4733360.078462047,13700800000,37.98747746591586,413.0,1
294,196200000.0,1,0.0,4733781.332904281,13749600000,38.07747828092635,414.0,1
295,196200000.0,1,0.0,4734202.587346514,13798400000,38.1674947031038,415.0,1
296,196200000.0,1,0.0,4734623.841788749,13847200000,38.25752633360129,416.0,1
297,196200000.0,1,0.0,4735045.096230982,13896000000,38.34757278704733,417.0,1
298,196200000.0,1,0.0,4735466.350673217,13944800000,38.43763369098156,418.0,1
299,196200000.0,1,0.0,4735887.60511545,13993600000,38.52770868531853,419.0,1
300,196200000.0,1,0.0,4736308.8595576845,14042400000,38.617797421837956,420.0,1
301,196200000.0,1,0.0,4736730.113999918,14091200000,38.70789956370007,421.0,1
302,196200000.0,1,0.0,4737151.368442152,14140000000,38.79801478498438,422.0,1
303,196200000.0,1,0.0,4737572.622884386,14188800000,38.88814277025088,423.0,1
304,196200000.0,1,0.0,4737993.87732662,14237600000,38.97828321412203,424.0,1
305,196200000.0,1,0.0,4738415.131768854,14286400000,39.06843582088474,425.0,1
306,196200000.0,1,0.0,4738836.386211088,14335200000,39.15860030411105,426.0,1
307,196200000.0,1,0.0,4739257.640653322,14384000000,39.24877638629654,427.0,1
308,196200000.0,1,0.0,4739678.895095556,14432800000,39.338963798515515,428.0,1
309,196200000.0,1,0.0,4740874.147622343,14481600000,39.42788464796357,429.0,1
310,196200000.0,1,0.0,4742069.40014913,14530400000,39.51688903182281,430.0,1
311,196200000.0,1,0.0,4743264.652675916,14579200000,39.60597179395917,431.0,1
312,196200000.0,1,0.0,4744459.9052027045,14628000000,39.69512819403132,432.0,1
313,196200000.0,1,0.0,4745655.157729492,14676800000,39.784353866406725,433.0,1
314,196200000.0,1,0.0,4746850.410256278,14725600000,39.87364478385475,434.0,1
315,196200000.0,1,0.0,4748045.662783066,14774400000,39.962997225380974,435.0,1
316,196200000.0,1,0.0,4749240.915309852,14823200000,40.05240774766194,436.0,1
317,196200000.0,1,0.0,4750436.16783664,14872000000,40.14187315961875,437.0,1
318,196200000.0,1,0.0,4751631.420363426,14920800000,40.23139049973445,438.0,1
319,196200000.0,1,0.0,4752826.672890213,14969600000,40.32095701577572,439.0,1
320,196200000.0,1,0.0,4754021.925417001,15018400000,40.4105701466268,440.0,1
321,196200000.0,1,0.0,4755217.177943788,15067200000,40.5002275059834,441.0,1
322,196200000.0,1,0.0,4756412.430470575,15116000000,40.589926867688,442.0,1
323,196200000.0,1,0.0,4757608.063529504,15164800000,40.67966578623362,443.0,1
324,196200000.0,1,0.0,4758806.44031931,15213600000,40.76944015146945,444.0,1
325,196200000.0,1,0.0,4760004.8171091145,15262400000,40.85925085976147,445.0,1
326,196200000.0,1,0.0,4761203.19389892,15311200000,40.94909619263329,446.0,1
327,196200000.0,1,0.0,4762401.570688725,15360000000,41.03897453827126,447.0,1
328,196200000.0,1,0.0,4763599.94747853,15408800000,41.128884383375436,448.0,1
329,196200000.0,1,0.0,4764798.3242683355,15457600000,41.21882430574642,449.0,1
330,196200000.0,1,0.0,4765996.701058141,15506400000,41.30879296753172,450.0,1
331,196200000.0,1,0.0,4767195.077847946,15555200000,41.398789109064104,451.0,1
332,196200000.0,1,0.0,4768393.454637751,15604000000,41.48881154323231,452.0,1
333,196200000.0,1,0.0,4769591.8314275555,15652800000,41.578859150331276,453.0,1
334,196200000.0,1,0.0,4770790.208217362,15701600000,41.66893087334477,454.0,1
335,196200000.0,1,0.0,4771988.5850071665,15750400000,41.75902571361876,455.0,1
336,196200000.0,1,0.0,4773186.961796972,15799200000,41.84914272688826,456.0,1
337,196200000.0,1,0.0,4774385.338586777,15848000000,41.93928101962436,457.0,1
338,196200000.0,1,0.0,4775596.991846994,15896800000,42.029431543987364,458.0,1
339,196200000.0,1,0.0,4776808.645107211,15945600000,42.11960212841202,459.0,1
340,196200000.0,1,0.0,4778020.298367428,15994400000,42.209791987559,460.0,1
341,196200000.0,1,0.0,4779231.951627644,16043200000,42.300000376555005,461.0,1
342,196200000.0,1,0.0,4780443.60488786,16092000000,42.390226588419516,462.0,1
343,196200000.0,1,0.0,4781655.258148077,16140800000,42.48046995168553,463.0,1
344,196200000.0,1,0.0,4782866.911408294,16189600000,42.570729828197216,464.0,1
345,196200000.0,1,0.0,4784078.56466851,16238400000,42.66100561106961,465.0,1
346,196200000.0,1,0.0,4785290.217928726,16287200000,42.75129672279635,466.0,1
347,196200000.0,1,0.0,4786501.871188943,16336000000,42.84160261349316,467.0,1
348,196200000.0,1,0.0,4787713.524449159,16384800000,42.93192275926599,468.0,1
349,196200000.0,1,0.0,4788925.177709376,16433600000,43.02225666069335,469.0,1
350,196200000.0,1,0.0,4790136.8309695935,16482400000,43.11260384141387,470.0,1
351,196200000.0,1,0.0,4791348.48422981,16531200000,43.2029638468105,471.0,1
352,196200000.0,1,0.0,4792560.137505665,16580000000,43.293336242776974,472.0,1
353,196200000.0,1,0.0,4793771.790781522,16628800000,43.38372061459409,473.0,1
354,196200000.0,1,0.0,4794983.444057379,16677600000,43.474116565839715,474.0,1
355,196200000.0,1,0.0,4796195.097333234,16726400000,43.564523717397144,475.0,1
356,196200000.0,1,0.0,4797406.75060909,16775200000,43.65494170652101,476.0,1
357,196200000.0,1,0.0,4798618.403884946,16824000000,43.74537018596295,477.0,1
358,196200000.0,1,0.0,4799830.057160803,16872800000,43.83580882315287,478.0,1
359,196200000.0,1,0.0,4801041.710436659,16921600000,43.926257299431406,479.0,1
360,196200000.0,1,0.0,4802253.363712515,16970400000,44.0167153093302,480.0,1
361,196200000.0,1,0.0,4803465.016988371,17019200000,44.10718255989628,481.0,1
362,196200000.0,1,0.0,4804676.670264226,17068000000,44.19765877005763,482.0,1
363,196200000.0,1,0.0,4805889.370476451,17116800000,44.28814330718418,483.0,1
364,196200000.0,1,0.0,4807102.070688676,17165600000,44.378636289412604,484.0,1
365,196200000.0,1,0.0,4808314.7709009005,17214400000,44.46913746724309,485.0,1
366,196200000.0,1,0.0,4809527.471113125,17263200000,44.55964660090816,486.0,1
367,196200000.0,1,0.0,4810740.171325349,17312000000,44.65016345990278,487.0,1
368,196200000.0,1,0.0,4811952.871537573,17360800000,44.74068782254131,488.0,1
369,196200000.0,1,0.0,4813165.571749798,17409600000,44.83121947553971,489.0,1
370,196200000.0,1,0.0,4814378.2719620215,17458400000,44.921758213621274,490.0,1
371,196200000.0,1,0.0,4815590.972174246,17507200000,45.012303839144366,491.0,1
372,196200000.0,1,0.0,4816803.672386471,17556000000,45.10285616175068,492.0,1
373,196200000.0,1,0.0,4818016.372598696,17604800000,45.19341499803282,493.0,1
374,196200000.0,1,0.0,4818532.986111111,17653600000,45.28417681436115,494.0,1
375,196200000.0,1,0.0,4818532.986111111,17702400000,45.37508590527024,495.0,1
376,196200000.0,1,0.0,4818532.986111111,17751200000,45.46599499617933,496.0,1
377,196200000.0,1,0.0,4818532.986111111,17800000000,45.55690408708842,497.0,1
378,196200000.0,1,0.0,4818532.986111111,17848800000,45.64781317799751,498.0,1
379,196200000.0,1,0.0,4818532.986111111,17897600000,45.738722268906606,499.0,1
380,196200000.0,1,0.0,4818532.986111111,17946400000,45.82963135981569,500.0,1
381,196200000.0,1,0.0,4818532.986111111,17995200000,45.920540450724786,501.0,1
382,196200000.0,1,0.0,4818532.986111111,18044000000,46.01144954163388,502.0,1
383,196200000.0,1,0.0,4818532.986111111,18092800000,46.102358632542966,503.0,1
384,196200000.0,1,0.0,4818532.986111111,18141600000,46.19326772345206,504.0,1
385,196200000.0,1,0.0,4818532.986111111,18190400000,46.28417681436115,505.0,1
386,196200000.0,1,0.0,4818532.986111111,18239200000,46.37508590527024,506.0,1
387,196200000.0,1,0.0,4818532.986111111,18288000000,46.46599499617933,507.0,1
388,196200000.0,1,0.0,4818532.986111111,18336800000,46.55690408708843,508.0,1
389,196200000.0,1,0.0,4818532.986111111,18385600000,46.64781317799752,509.0,1
390,196200000.0,1,0.0,4818532.986111111,18434400000,46.738722268906606,510.0,1
391,196200000.0,1,0.0,4818532.986111111,18483200000,46.8296313598157,511.0,1
392,196200000.0,1,0.0,4818532.986111111,18532000000,46.92054045072479,512.0,1
393,196200000.0,1,0.0,4818532.986111111,18580800000,47.01144954163388,513.0,1
394,196200000.0,1,0.0,4818532.986111111,18629600000,47.10235863254297,514.0,1
395,196200000.0,1,0.0,4818532.986111111,18678400000,47.19326772345207,515.0,1
396,196200000.0,1,0.0,4818532.986111111,18727200000,47.28417681436115,516.0,1
397,196200000.0,1,0.0,4818532.986111111,18776000000,47.37508590527025,517.0,1
398,196200000.0,1,0.0,4818532.986111111,18824800000,47.46599499617934,518.0,1
399,196200000.0,1,0.0,4818532.986111111,18873600000,47.55690408708843,519.0,1
400,196200000.0,1,0.0,4818532.986111111,18922400000,47.64781317799752,520.0,1
401,196200000.0,1,0.0,4818532.986111111,18971200000,47.738722268906606,521.0,1
402,196200000.0,1,0.0,4818532.986111111,19020000000,47.8296313598157,522.0,1
403,196200000.0,1,0.0,4818532.986111111,19068800000,47.92054045072479,523.0,1
404,196200000.0,1,0.0,4818532.986111111,19117600000,48.01144954163388,524.0,1
405,196200000.0,1,0.0,4818532.986111111,19166400000,48.10235863254297,525.0,1
406,196200000.0,1,0.0,4818532.986111111,19215200000,48.19326772345207,526.0,1
407,196200000.0,1,0.0,4818532.986111111,19264000000,48.28417681436115,527.0,1
408,196200000.0,1,0.0,4818532.986111111,19312800000,48.37508590527025,528.0,1
409,196200000.0,1,0.0,4818532.986111111,19361600000,48.46599499617934,529.0,1
410,196200000.0,1,0.0,4818532.986111111,19410400000,48.55690408708843,530.0,1
411,196200000.0,1,0.0,4818532.986111111,19459200000,48.64781317799752,531.0,1
412,196200000.0,1,0.0,4818532.986111111,19508000000,48.738722268906606,532.0,1
413,196200000.0,1,0.0,4818532.986111111,19556800000,48.8296313598157,533.0,1
414,196200000.0,1,0.0,4818532.986111111,19605600000,48.92054045072479,534.0,1
415,196200000.0,1,0.0,4818532.986111111,19654400000,49.01144954163388,535.0,1
416,196200000.0,1,0.0,4818532.986111111,19703200000,49.10235863254297,536.0,1
417,196200000.0,1,0.0,4818532.986111111,19752000000,49.19326772345207,537.0,1
418,196200000.0,1,0.0,4818532.986111111,19800800000,49.28417681436115,538.0,1
419,196200000.0,1,0.0,4818532.986111111,19849600000,49.37508590527025,539.0,1
420,196200000.0,1,0.0,4818532.986111111,19898400000,49.46599499617934,540.0,1
421,196200000.0,1,0.0,4818532.986111111,19947200000,49.55690408708843,541.0,1
422,196200000.0,1,0.0,4818532.986111111,19996000000,49.64781317799752,542.0,1
423,196200000.0,1,0.0,4818532.986111111,20044800000,49.738722268906606,543.0,1
424,196200000.0,1,0.0,4818532.986111111,20093600000,49.8296313598157,544.0,1
425,196200000.0,1,0.0,4818532.986111111,20142400000,49.92054045072479,545.0,1
426,196200000.0,1,0.0,4818532.986111111,20191200000,50.01144954163388,546.0,1
427,196200000.0,1,0.0,4818532.986111111,20240000000,50.10235863254297,547.0,1
428,196200000.0,1,0.0,4818532.986111111,20288800000,50.19326772345207,548.0,1
429,196200000.0,1,0.0,4818532.986111111,20337600000,50.28417681436115,549.0,1
430,196200000.0,1,0.0,4818532.986111111,20386400000,50.37508590527025,550.0,1
431,196200000.0,1,0.0,4818532.986111111,20435200000,50.46599499617934,551.0,1
432,196200000.0,1,0.0,4818532.986111111,20484000000,50.55690408708843,552.0,1
433,196200000.0,1,0.0,4818532.986111111,20532800000,50.64781317799752,553.0,1
434,196200000.0,1,0.0,4818532.986111111,20581600000,50.738722268906606,554.0,1
435,196200000.0,1,0.0,4818532.986111111,20630400000,50.8296313598157,555.0,1
436,196200000.0,1,0.0,4818532.986111111,20679200000,50.92054045072479,556.0,1
437,196200000.0,1,0.0,4818532.986111111,20728000000,51.01144954163388,557.0,1
438,196200000.0,1,0.0,4818532.986111111,20776800000,51.10235863254297,558.0,1
439,196200000.0,1,0.0,4818532.986111111,20825600000,51.19326772345207,559.0,1
440,196200000.0,1,0.0,4818532.986111111,20874400000,51.28417681436115,560.0,1
441,196200000.0,1,0.0,4818532.986111111,20923200000,51.37508590527025,561.0,1
442,196200000.0,1,0.0,4818532.986111111,20972000000,51.46599499617934,562.0,1
443,196200000.0,1,0.0,4818532.986111111,21020800000,51.55690408708843,563.0,1
444,196200000.0,1,0.0,4818532.986111111,21069600000,51.64781317799752,564.0,1
445,196200000.0,1,0.0,4818532.986111111,21118400000,51.738722268906606,565.0,1
446,196200000.0,1,0.0,4818532.986111111,21167200000,51.8296313598157,566.0,1
447,196200000.0,1,0.0,4818532.986111111,21216000000,51.92054045072479,567.0,1
448,196200000.0,1,0.0,4818532.986111111,21264800000,52.01144954163388,568.0,1
449,196200000.0,1,0.0,4818532.986111111,21313600000,52.10235863254297,569.0,1
450,196200000.0,1,0.0,4818532.986111111,21362400000,52.19326772345207,570.0,1
451,196200000.0,1,0.0,4818532.986111111,21411200000,52.28417681436115,571.0,1
452,196200000.0,1,0.0,4818532.986111111,21460000000,52.37508590527025,572.0,1
453,196200000.0,1,0.0,4818532.986111111,21508800000,52.46599499617934,573.0,1
454,196200000.0,1,0.0,4818532.986111111,21557600000,52.55690408708843,574.0,1
455,196200000.0,1,0.0,4818532.986111111,21606400000,52.64781317799752,575.0,1
456,196200000.0,1,0.0,4818532.986111111,21655200000,52.738722268906606,576.0,1
457,196200000.0,1,0.0,4818532.986111111,21704000000,52.8296313598157,577.0,1
458,196200000.0,1,0.0,4818532.986111111,21752800000,52.92054045072479,578.0,1
459,196200000.0,1,0.0,4818532.986111111,21801600000,53.01144954163388,579.0,1
460,196200000.0,1,0.0,4818532.986111111,21850400000,53.10235863254297,580.0,1
461,196200000.0,1,0.0,4818532.986111111,21899200000,53.19326772345207,581.0,1
462,196200000.0,1,0.0,4818532.986111111,21948000000,53.28417681436115,582.0,1
463,196200000.0,1,0.0,4818532.986111111,21996800000,53.37508590527025,583.0,1
464,196200000.0,1,0.0,4818532.986111111,22045600000,53.46599499617934,584.0,1
465,196200000.0,1,0.0,4818532.986111111,22094400000,53.55690408708843,585.0,1
466,196200000.0,1,0.0,4818532.986111111,22143200000,53.64781317799752,586.0,1
467,196200000.0,1,0.0,4818532.986111111,22192000000,53.738722268906606,587.0,1
468,196200000.0,1,0.0,4818532.986111111,22240800000,53.8296313598157,588.0,1
469,196200000.0,1,0.0,4818532.986111111,22289600000,53.92054045072479,589.0,1
470,196200000.0,1,0.0,4818532.986111111,22338400000,54.01144954163388,590.0,1
471,196200000.0,1,0.0,4818532.986111111,22387200000,54.10235863254297,591.0,1
472,196200000.0,1,0.0,4818532.986111111,22436000000,54.19326772345207,592.0,1
473,196200000.0,1,0.0,4818532.986111111,22484800000,54.28417681436115,593.0,1
474,196200000.0,1,0.0,4818532.986111111,22533600000,54.37508590527025,594.0,1
475,196200000.0,1,0.0,4818532.986111111,22582400000,54.46599499617934,595.0,1
476,196200000.0,1,0.0,4818532.986111111,22631200000,54.55690408708843,596.0,1
477,196200000.0,1,0.0,4818532.986111111,22680000000,54.64781317799752,597.0,1
478,196200000.0,1,0.0,4818532.986111111,22728800000,54.738722268906606,598.0,1
479,196200000.0,1,0.0,4818532.986111111,22777600000,54.8296313598157,599.0,1
480,196200000.0,1,0.0,4818532.986111111,22826400000,54.92054045072479,600.0,1
481,196200000.0,1,0.0,4818532.986111111,22875200000,55.01144954163388,601.0,1
482,196200000.0,1,0.0,4818532.986111111,22924000000,55.10235863254297,602.0,1
483,196200000.0,1,0.0,4818532.986111111,22972800000,55.19326772345207,603.0,1
484,196200000.0,1,0.0,4818532.986111111,23021600000,55.28417681436115,604.0,1
485,196200000.0,1,0.0,4818532.986111111,23070400000,55.37508590527025,605.0,1
486,196200000.0,1,0.0,4818532.986111111,23119200000,55.46599499617934,606.0,1
487,196200000.0,1,0.0,4818532.986111111,23168000000,55.55690408708843,607.0,1
488,196200000.0,1,0.0,4818532.986111111,23216800000,55.64781317799752,608.0,1
489,196200000.0,1,0.0,4818532.986111111,23265600000,55.738722268906606,609.0,1
490,196200000.0,1,0.0,4818532.986111111,23314400000,55.8296313598157,610.0,1
491,196200000.0,1,0.0,4818532.986111111,23363200000,55.92054045072479,611.0,1
492,196200000.0,1,0.0,4818532.986111111,23412000000,56.01144954163388,612.0,1
493,196200000.0,1,0.0,4818532.986111111,23460800000,56.10235863254297,613.0,1
494,196200000.0,1,0.0,4818532.986111111,23509600000,56.19326772345207,614.0,1
495,196200000.0,1,0.0,4818532.986111111,23558400000,56.28417681436115,615.0,1
496,196200000.0,1,0.0,4818532.986111111,23607200000,56.37508590527025,616.0,1
497,196200000.0,1,0.0,4818532.986111111,23656000000,56.46599499617934,617.0,1
498,196200000.0,1,0.0,4818532.986111111,23704800000,56.55690408708843,618.0,1
499,196200000.0,1,0.0,4818532.986111111,23753600000,56.64781317799752,619.0,1
500,196200000.0,1,0.0,4818532.986111111,23802400000,56.738722268906606,620.0,1
501,196200000.0,1,0.0,4818532.986111111,23851200000,56.8296313598157,621.0,1
502,196200000.0,1,0.0,4818532.986111111,23900000000,56.92054045072479,622.0,1
503,196200000.0,1,0.0,4818532.986111111,23948800000,57.01144954163388,623.0,1
504,196200000.0,1,0.0,4818532.986111111,23997600000,57.10235863254297,624.0,1
505,196200000.0,1,0.0,4818532.986111111,24046400000,57.19326772345207,625.0,1
506,196200000.0,1,0.0,4818532.986111111,24095200000,57.28417681436115,626.0,1
507,196200000.0,1,0.0,4818532.986111111,24144000000,57.37508590527025,627.0,1
508,196200000.0,1,0.0,4818532.986111111,24192800000,57.46599499617934,628.0,1
509,196200000.0,1,0.0,4818532.986111111,24241600000,57.55690408708843,629.0,1
510,196200000.0,1,0.0,4818532.986111111,24290400000,57.64781317799752,630.0,1
511,196200000.0,1,0.0,4818532.986111111,24339200000,57.738722268906606,631.0,1
512,196200000.0,1,0.0,4818532.986111111,24388000000,57.8296313598157,632.0,1
513,196200000.0,1,0.0,4818532.986111111,24436800000,57.92054045072479,633.0,1
514,196200000.0,1,0.0,4818532.986111111,24485600000,58.01144954163388,634.0,1
515,196200000.0,1,0.0,4818532.986111111,24534400000,58.10235863254297,635.0,1
516,196200000.0,1,0.0,4818532.986111111,24583200000,58.19326772345207,636.0,1
517,196200000.0,1,0.0,4818532.986111111,24632000000,58.28417681436115,637.0,1
518,196200000.0,1,0.0,4818532.986111111,24680800000,58.37508590527025,638.0,1
519,196200000.0,1,0.0,4818532.986111111,24729600000,58.46599499617934,639.0,1
520,196200000.0,1,0.0,4818532.986111111,24778400000,58.55690408708843,640.0,1
521,196200000.0,1,0.0,4818532.986111111,24827200000,58.64781317799752,641.0,1
522,196200000.0,1,0.0,4818532.986111111,24876000000,58.738722268906606,642.0,1
523,196200000.0,1,0.0,4818532.986111111,24924800000,58.8296313598157,643.0,1
524,196200000.0,1,0.0,4818532.986111111,24973600000,58.92054045072479,644.0,1
525,196200000.0,1,0.0,4818532.986111111,25022400000,59.01144954163388,645.0,1
526,196200000.0,1,0.0,4818532.986111111,25071200000,59.10235863254297,646.0,1
527,196200000.0,1,0.0,4818532.986111111,25120000000,59.19326772345207,647.0,1
528,196200000.0,1,0.0,4818532.986111111,25168800000,59.28417681436115,648.0,1
529,196200000.0,1,0.0,4818532.986111111,25217600000,59.37508590527025,649.0,1
530,196200000.0,1,0.0,4818532.986111111,25266400000,59.46599499617934,650.0,1
531,196200000.0,1,0.0,4818532.986111111,25315200000,59.55690408708843,651.0,1
532,196200000.0,1,0.0,4818532.986111111,25364000000,59.64781317799752,652.0,1
533,196200000.0,1,0.0,4818532.986111111,25412800000,59.738722268906606,653.0,1
534,196200000.0,1,0.0,4818532.986111111,25461600000,59.8296313598157,654.0,1
535,196200000.0,1,0.0,4818532.986111111,25510400000,59.92054045072479,655.0,1
536,196200000.0,1,0.0,4818532.986111111,25559200000,60.01144954163388,656.0,1
537,196200000.0,1,0.0,4818532.986111111,25608000000,60.10235863254297,657.0,1
538,196200000.0,1,0.0,4818532.986111111,25656800000,60.19326772345207,658.0,1
539,196200000.0,1,0.0,4818532.986111111,25705600000,60.28417681436115,659.0,1
540,196200000.0,1,0.0,4818532.986111111,25754400000,60.37508590527025,660.0,1
541,196200000.0,1,0.0,4818532.986111111,25803200000,60.46599499617934,661.0,1
542,196200000.0,1,0.0,4818532.986111111,25852000000,60.55690408708843,662.0,1
543,196200000.0,1,0.0,4818532.986111111,25900800000,60.64781317799752,663.0,1
544,196200000.0,1,0.0,4818532.986111111,25949600000,60.738722268906606,664.0,1
545,196200000.0,1,0.0,4818532.986111111,25998400000,60.8296313598157,665.0,1
546,196200000.0,1,0.0,4818532.986111111,26047200000,60.92054045072479,666.0,1
547,196200000.0,1,0.0,4818532.986111111,26096000000,61.01144954163388,667.0,1
548,196200000.0,1,0.0,4818532.986111111,26144800000,61.10235863254297,668.0,1
549,196200000.0,1,0.0,4818532.986111111,26193600000,61.19326772345207,669.0,1
550,196200000.0,1,0.0,4818532.986111111,26242400000,61.28417681436115,670.0,1
551,196200000.0,1,0.0,4818532.986111111,26291200000,61.37508590527025,671.0,1
552,196200000.0,1,0.0,4818532.986111111,26340000000,61.46599499617934,672.0,1
553,196200000.0,1,0.0,4818532.986111111,26388800000,61.55690408708843,673.0,1
554,196200000.0,1,0.0,4818532.986111111,26437600000,61.64781317799752,674.0,1
555,196200000.0,1,0.0,4818532.986111111,26486400000,61.738722268906606,675.0,1
556,196200000.0,1,0.0,4818532.986111111,26535200000,61.8296313598157,676.0,1
557,196200000.0,1,0.0,4818532.986111111,26584000000,61.92054045072479,677.0,1
558,196200000.0,1,0.0,4818532.986111111,26632800000,62.01144954163388,678.0,1
559,196200000.0,1,0.0,4818532.986111111,26681600000,62.10235863254297,679.0,1
560,196200000.0,1,0.0,4818532.986111111,26730400000,62.19326772345207,680.0,1
561,196200000.0,1,0.0,4818532.986111111,26779200000,62.28417681436115,681.0,1
562,196200000.0,1,0.0,4818532.986111111,26828000000,62.37508590527025,682.0,1
563,196200000.0,1,0.0,4818532.986111111,26876800000,62.46599499617934,683.0,1
564,196200000.0,1,0.0,4818532.986111111,26925600000,62.55690408708843,684.0,1
565,196200000.0,1,0.0,4818532.986111111,26974400000,62.64781317799752,685.0,1
566,196200000.0,1,0.0,4818532.986111111,27023200000,62.738722268906606,686.0,1
567,196200000.0,1,0.0,4818532.986111111,27072000000,62.8296313598157,687.0,1
568,196200000.0,1,0.0,4818532.986111111,27120800000,62.92054045072479,688.0,1
569,196200000.0,1,0.0,4818532.986111111,27169600000,63.01144954163388,689.0,1
570,196200000.0,1,0.0,4818532.986111111,27218400000,63.10235863254297,690.0,1
571,196200000.0,1,0.0,4818532.986111111,27267200000,63.19326772345207,691.0,1
572,196200000.0,1,0.0,4818532.986111111,27316000000,63.28417681436115,692.0,1
573,196200000.0,1,0.0,4818532.986111111,27364800000,63.37508590527025,693.0,1
574,196200000.0,1,0.0,4818532.986111111,27413600000,63.46599499617934,694.0,1
575,196200000.0,1,0.0,4818532.986111111,27462400000,63.55690408708843,695.0,1
576,196200000.0,1,0.0,4818532.986111111,27511200000,63.64781317799752,696.0,1
577,196200000.0,1,0.0,4818532.986111111,27560000000,63.738722268906606,697.0,1
578,196200000.0,1,0.0,4818532.986111111,27608800000,63.8296313598157,698.0,1
579,196200000.0,1,0.0,4818532.986111111,27657600000,63.92054045072479,699.0,1
580,196200000.0,1,0.0,4818532.986111111,27706400000,64.01144954163388,700.0,1
581,196200000.0,1,0.0,4818532.986111111,27755200000,64.10235863254297,701.0,1
582,196200000.0,1,0.0,4818532.986111111,27804000000,64.19326772345207,702.0,1
583,196200000.0,1,0.0,4818532.986111111,27852800000,64.28417681436116,703.0,1
584,196200000.0,1,0.0,4818532.986111111,27901600000,64.37508590527024,704.0,1
585,196200000.0,1,0.0,4818532.986111111,27950400000,64.46599499617933,705.0,1
586,196200000.0,1,0.0,4818532.986111111,27999200000,64.55690408708843,706.0,1
587,196200000.0,1,0.0,4818532.986111111,28048000000,64.64781317799752,707.0,1
588,196200000.0,1,0.0,4818532.986111111,28096800000,64.73872226890661,708.0,1
589,196200000.0,1,0.0,4818532.986111111,28145600000,64.8296313598157,709.0,1
590,196200000.0,1,0.0,4818532.986111111,28194400000,64.92054045072479,710.0,1
591,196200000.0,1,0.0,4818532.986111111,28243200000,65.01144954163388,711.0,1
592,196200000.0,1,0.0,4818532.986111111,28292000000,65.10235863254297,712.0,1
593,196200000.0,1,0.0,4818532.986111111,28340800000,65.19326772345207,713.0,1
594,196200000.0,1,0.0,4818532.986111111,28389600000,65.28417681436116,714.0,1
595,196200000.0,1,0.0,4818532.986111111,28438400000,65.37508590527024,715.0,1
596,196200000.0,1,0.0,4818532.986111111,28487200000,65.46599499617933,716.0,1
597,196200000.0,1,0.0,4818532.986111111,28536000000,65.55690408708843,717.0,1
598,196200000.0,1,0.0,4818532.986111111,28584800000,65.64781317799752,718.0,1
599,196200000.0,1,0.0,4818532.986111111,28633600000,65.73872226890661,719.0,1
