policy,scenario,seed,theta,load_scale,V_nu,budget,goodput_mbps,its_fraction,claimed_its_fraction,mislabelled_fraction,mean_aos,mean_delay,mean_virt,mean_phys,phys_slope,final_lyap,manufactured_units,capability_units,manufacture_utilisation,qkd_units,qkd_expired_frac,unroutable
aos_tqd,nominal,0,0.25,1.0,0.0,781.25,24.94337903184354,0.7900893538131584,0.24940076981239784,0.0,65.88913915885178,2.84000972206453,31196.182833360162,29898.3151490433,0.10066070263178149,176915289.93475738,25926562.5,1215000000.0,0.021338734567901235,210224734.5746984,0.8081903351122323,0
aos_tqd,nominal,1,0.25,1.0,0.0,781.25,24.932670897961565,0.7935768424518233,0.24930739323025208,0.0,64.58893225846597,2.2475368700708263,30692.592859296932,28735.16021641221,0.06865330790813526,249350146.89902303,25001562.5,1215000000.0,0.020577417695473253,211307693.1855664,0.8091267817359685,0
aos_tqd,nominal,2,0.25,1.0,0.0,781.25,24.94704861111111,0.7905154128181076,0.24957552525864377,0.0,65.3892359637056,2.513744079704322,31806.31684960399,29606.540294341714,0.00042330796387170553,154681390.22611758,25434375.0,1215000000.0,0.020933641975308642,211056980.56281123,0.8087179775828646,0
aos_tqd,nominal,3,0.25,1.0,0.0,781.25,24.936053308376533,0.7906094815274701,0.24931278469021761,0.0,65.31663458883816,2.262616553095623,29938.632108478327,28688.597206075363,0.08695244562012851,239107815.29522234,25016406.25,1215000000.0,0.02058963477366255,210340685.52101672,0.8097290302019803,0
aos_tqd,nominal,4,0.25,1.0,0.0,781.25,24.93962280451858,0.7835978620357741,0.24947237202554434,0.0,67.94126825394673,3.160996835282754,31849.80713277099,30200.20935333642,0.015244327494657482,200823198.36297464,26873437.5,1215000000.0,0.022118055555555554,208627073.22188863,0.8074062512799649,0
aos_tqd,nominal,0,0.5,1.0,0.0,781.25,24.924111175539153,0.8422777450134868,0.4991473885760317,0.0,52.229694042968326,3.317323422509118,37475.81318422885,35507.96989789767,0.17065211752163098,354185136.49815655,26921875.0,1215000000.0,0.022157921810699588,210224734.5746984,0.8001684490248522,0
aos_tqd,nominal,1,0.5,1.0,0.0,781.25,24.904897117179186,0.8462969508384031,0.49889238114959916,0.0,50.6845717024387,2.376928280653857,37902.23741372519,35163.052445752,0.23460988771977279,540582804.4004798,25874218.75,1215000000.0,0.02129565329218107,211307693.1855664,0.8011118452470769,0
aos_tqd,nominal,2,0.5,1.0,0.0,781.25,24.935521778155707,0.840565034394026,0.49943460090875913,0.0,52.07168411493347,2.7728901541427082,37176.003462863366,34409.035862256744,0.014342615692774511,249150533.41441715,26627343.75,1215000000.0,0.02191550925925926,211056980.56281123,0.8010608323022828,0
aos_tqd,nominal,3,0.5,1.0,0.0,781.25,24.917722986550597,0.8443642547023161,0.4990606937954684,0.0,50.742964082198334,2.5825511033827664,33486.43536654924,31927.204571598122,0.1728751043338908,532940624.3094394,25596875.0,1215000000.0,0.02106738683127572,210340685.52101672,0.8015139303131704,0
aos_tqd,nominal,4,0.5,1.0,0.0,781.25,24.92194155463258,0.8366504966824718,0.4992430662423757,0.0,53.7602193028453,3.544377050948806,39158.08261826749,36974.12952277446,0.04993936419127049,421027174.9511874,27987500.0,1215000000.0,0.023034979423868313,208627073.22188863,0.7990959193108755,0
aos_tqd,nominal,0,0.75,1.0,0.0,781.25,24.87986466485086,0.9099165780920675,0.7490545198923911,0.0,36.748918398539296,4.818377560319049,51080.162546525884,48268.616998014266,0.2009190944574593,813322137.1445304,27838281.25,1215000000.0,0.022912165637860082,210224734.5746984,0.7894319274865675,0
aos_tqd,nominal,1,0.75,1.0,0.0,781.25,24.874201570359062,0.9135571356697256,0.7490979262606471,0.0,34.481099274298295,3.1211246333271143,48155.52022094608,44516.82065741084,0.3246322213453536,1010285340.7229335,25967187.5,1215000000.0,0.021372170781893005,211307693.1855664,0.7905717843838689,0
aos_tqd,nominal,2,0.75,1.0,0.0,781.25,24.916383219954646,0.9118996833703051,0.7495065695921734,0.0,35.36890310009979,3.8253508209187927,49080.61024432028,45093.302307559396,-0.02343363703454097,455369543.839652,26363281.25,1215000000.0,0.021698173868312756,211056980.56281123,0.7898916147214244,0
aos_tqd,nominal,3,0.75,1.0,0.0,781.25,24.88329913969193,0.9146098994736318,0.7491414838138186,0.0,33.04107179704916,3.6652073873508857,43498.92925552953,40981.62511873462,0.2852107647665548,1323213814.3117855,24411718.75,1215000000.0,0.020091949588477365,210340685.52101672,0.7907396642987576,0
aos_tqd,nominal,4,0.75,1.0,0.0,781.25,24.898803218935523,0.9086719114617551,0.7493732265727048,0.0,36.6632682174166,6.843770931799908,52975.86292333941,48654.31005716115,0.12490103219528641,898006327.4405487,28117968.75,1215000000.0,0.02314236111111111,208627073.22188863,0.7875482689321375,0
tqd,nominal,0,1.0,1.0,0.0,781.25,24.835151563014964,1.0,1.0,0.0,16.151567506683065,8.201776286610407,68593.03241102438,62533.58833171524,0.02718236738181203,1534669615.8506215,0.0,1215000000.0,0.0,210224734.5746984,0.7741975307183241,0
tqd,nominal,1,1.0,1.0,0.0,781.25,24.82241929738962,1.0,1.0,0.0,15.103444764521367,7.325038476732397,63648.623198255744,57691.73924344964,1.256019070334035,1892337979.9871883,0.0,1215000000.0,0.0,211307693.1855664,0.7767904736477433,0
tqd,nominal,2,1.0,1.0,0.0,781.25,24.893012319667452,1.0,1.0,0.0,15.18783759636491,9.414138952063418,63107.580913071324,57222.33720179743,-0.33757420528627163,757152761.7036244,0.0,1215000000.0,0.0,211056980.56281123,0.7757322865307362,0
tqd,nominal,3,1.0,1.0,0.0,781.25,24.831792075331492,1.0,1.0,0.0,13.406940129155306,6.728251814880273,55701.611504845176,50541.59341128585,0.6228943102742427,2975008672.2054825,0.0,1215000000.0,0.0,210340685.52101672,0.7776202363788771,0
tqd,nominal,4,1.0,1.0,0.0,781.25,24.875213398404103,1.0,1.0,0.0,16.18605333020298,15.885720003780374,68886.94106522764,61799.78179812685,0.37287573341501534,1533655958.8980274,0.0,1215000000.0,0.0,208627073.22188863,0.7724071712527601,0
tqd,nominal,0,1.0,1.0,0.0,781.25,24.835151563014964,1.0,1.0,0.0,16.151567506683065,8.201776286610407,68593.03241102438,62533.58833171524,0.02718236738181203,1534669615.8506215,0.0,1215000000.0,0.0,210224734.5746984,0.7741975307183241,0
tqd,nominal,1,1.0,1.0,0.0,781.25,24.82241929738962,1.0,1.0,0.0,15.103444764521367,7.325038476732397,63648.623198255744,57691.73924344964,1.256019070334035,1892337979.9871883,0.0,1215000000.0,0.0,211307693.1855664,0.7767904736477433,0
tqd,nominal,2,1.0,1.0,0.0,781.25,24.893012319667452,1.0,1.0,0.0,15.18783759636491,9.414138952063418,63107.580913071324,57222.33720179743,-0.33757420528627163,757152761.7036244,0.0,1215000000.0,0.0,211056980.56281123,0.7757322865307362,0
tqd,nominal,3,1.0,1.0,0.0,781.25,24.831792075331492,1.0,1.0,0.0,13.406940129155306,6.728251814880273,55701.611504845176,50541.59341128585,0.6228943102742427,2975008672.2054825,0.0,1215000000.0,0.0,210340685.52101672,0.7776202363788771,0
tqd,nominal,4,1.0,1.0,0.0,781.25,24.875213398404103,1.0,1.0,0.0,16.18605333020298,15.885720003780374,68886.94106522764,61799.78179812685,0.37287573341501534,1533655958.8980274,0.0,1215000000.0,0.0,208627073.22188863,0.7724071712527601,0
tqd,nominal,0,1.0,1.0,0.0,781.25,24.835151563014964,1.0,1.0,0.0,16.151567506683065,8.201776286610407,68593.03241102438,62533.58833171524,0.02718236738181203,1534669615.8506215,0.0,1215000000.0,0.0,210224734.5746984,0.7741975307183241,0
tqd,nominal,1,1.0,1.0,0.0,781.25,24.82241929738962,1.0,1.0,0.0,15.103444764521367,7.325038476732397,63648.623198255744,57691.73924344964,1.256019070334035,1892337979.9871883,0.0,1215000000.0,0.0,211307693.1855664,0.7767904736477433,0
tqd,nominal,2,1.0,1.0,0.0,781.25,24.893012319667452,1.0,1.0,0.0,15.18783759636491,9.414138952063418,63107.580913071324,57222.33720179743,-0.33757420528627163,757152761.7036244,0.0,1215000000.0,0.0,211056980.56281123,0.7757322865307362,0
tqd,nominal,3,1.0,1.0,0.0,781.25,24.831792075331492,1.0,1.0,0.0,13.406940129155306,6.728251814880273,55701.611504845176,50541.59341128585,0.6228943102742427,2975008672.2054825,0.0,1215000000.0,0.0,210340685.52101672,0.7776202363788771,0
tqd,nominal,4,1.0,1.0,0.0,781.25,24.875213398404103,1.0,1.0,0.0,16.18605333020298,15.885720003780374,68886.94106522764,61799.78179812685,0.37287573341501534,1533655958.8980274,0.0,1215000000.0,0.0,208627073.22188863,0.7724071712527601,0
fungible,nominal,0,0.25,1.0,0.0,781.25,19.332852064436885,0.9437315932817881,0.3228897317498001,0.06896683825015656,18.777313495585528,1.7635492192104112,29392.47465010836,1875532.2584577561,83.5156767378878,161190594.55229458,27373437.5,1215000000.0,0.02252957818930041,210224734.5746984,0.9552244570180339,0
fungible,nominal,1,0.25,1.0,0.0,781.25,19.45983914399093,0.9541929671603442,0.3206458261452986,0.05798442213501642,15.521666671765509,1.7168563047379224,29604.568112928988,1783395.741692713,84.15693891673818,216078701.2366592,26066406.25,1215000000.0,0.02145383230452675,211307693.1855664,0.9489619170118281,0
fungible,nominal,2,0.25,1.0,0.0,781.25,19.344535383597883,0.9527821701703649,0.3225921515464084,0.0590339749661639,16.01232170882203,1.6735595477464043,30537.695103197562,1903559.7058312811,82.4888196315993,140185616.15762123,26446875.0,1215000000.0,0.021766975308641974,211056980.56281123,0.9515078908158423,0
fungible,nominal,3,0.25,1.0,0.0,781.25,19.451893778344672,0.9574682949989901,0.3209553009256202,0.049205646820246675,14.643982570399489,1.9937608579189734,28703.540524126445,1816387.4298340678,86.39481627256409,203972166.64544603,25235156.25,1215000000.0,0.020769675925925928,210340685.52101672,0.9458059952604236,0
fungible,nominal,4,0.25,1.0,0.0,781.25,19.284612977135296,0.9415070764126046,0.32377274508161796,0.07416057812665942,19.590491562993034,1.8066127922084474,28131.2353526499,1882570.5516741155,85.64233327854086,191669012.64377,27560937.5,1215000000.0,0.022683899176954733,208627073.22188863,0.9568843205267126,0
fungible,nominal,0,0.5,1.0,0.0,781.25,20.789416808390023,0.9289777758430148,0.6001202080462699,0.09374749107330688,23.14783470667109,1.9183324938003985,36007.49693496434,1401138.8348883756,62.01151535652944,348878152.5315632,27661718.75,1215000000.0,0.02276684670781893,210224734.5746984,0.9433830209277824,0
fungible,nominal,1,0.5,1.0,0.0,781.25,20.954743008314438,0.9385394708858776,0.5952282052438173,0.08420012129886242,19.999994715442245,1.8129057821856644,36697.31272976389,1302119.3740898098,61.62181096629562,507362203.13156253,25846093.75,1215000000.0,0.02127250514403292,211307693.1855664,0.9340940963681569,0
fungible,nominal,2,0.5,1.0,0.0,781.25,20.83094175170068,0.9395244355246551,0.5988845091344104,0.08346577154385795,19.920703854997097,1.764033421779282,38465.24690293174,1406700.3688645111,61.411086768206424,240532240.8515444,26354687.5,1215000000.0,0.02169110082304527,211056980.56281123,0.9374729041239919,0
fungible,nominal,3,0.5,1.0,0.0,781.25,20.900846797052157,0.9464935740736802,0.5970987443469054,0.0704671355616154,17.738208148231312,2.183139214178876,33171.58844787471,1355718.3435244586,63.51590055795929,499864098.1744509,25021875.0,1215000000.0,0.020594135802469136,210340685.52101672,0.9310200849612459,0
fungible,nominal,4,0.5,1.0,0.0,781.25,20.71077215608466,0.9204434491811869,0.6024971166827524,0.10806036936525158,25.620447563623294,1.9160732911348755,35241.376769337025,1424073.0956271093,63.08668817288502,404220897.67329836,27835156.25,1215000000.0,0.022909593621399178,208627073.22188863,0.9446523000735871,0
fungible,nominal,0,0.75,1.0,0.0,781.25,22.55106329962538,0.8917551791046364,0.8293853798088022,0.12623911540002908,35.55150270915879,2.2694998290571458,47071.794771940375,819332.8495637265,36.29569363623075,747482353.5017889,28253125.0,1215000000.0,0.023253600823045267,210224734.5746984,0.9294742732309592,0
fungible,nominal,1,0.75,1.0,0.0,781.25,22.69591482426304,0.905734182684607,0.8244468398823235,0.11106679469047477,30.818035680142355,1.916090365777201,46392.83644168176,740574.4330850015,35.46564044241937,974659443.8890982,26004687.5,1215000000.0,0.02140303497942387,211307693.1855664,0.9182632048900925,0
fungible,nominal,2,0.75,1.0,0.0,781.25,22.699738402305364,0.9043473514973559,0.8244113749912365,0.11273403435911893,31.309864286240366,1.9654885797267865,47774.9721517584,789435.5683437085,33.11981008748859,414067388.711684,26272656.25,1215000000.0,0.0216235853909465,211056980.56281123,0.9197818981129617,0
fungible,nominal,3,0.75,1.0,0.0,781.25,22.787465159674984,0.9219793683995839,0.8212088069707577,0.09114169020704559,25.894315008609354,2.204645070870055,41144.33682665291,739874.9109261704,33.71385098212701,1285935991.8479104,23538281.25,1215000000.0,0.019373070987654322,210340685.52101672,0.9058833898690261,0
fungible,nominal,4,0.75,1.0,0.0,781.25,22.57073767006803,0.8783306536422782,0.8290859314968607,0.14241445899518113,39.263943063295315,2.0605526942189845,47585.38314987085,819386.8806084938,34.90479742691017,842507882.4503124,28393750.0,1215000000.0,0.02336934156378601,208627073.22188863,0.929213173485047,0
