t,qkd,mfg,bankQ,bankP,xq,xp,y,servedQ,servedP,ageQ
29.5,72.84062350024267,0.0,0.0,0.0,1505.258756046455,0.0,0.0,72.84062350024267,0.0,0.0
89.5,213.88870116031276,13.020833333333334,97.75470476794288,586.1658628295068,1683.8212915493953,1.2975160767431972,0.0,194.447688308856,1.2975160767431972,0.75
149.5,321.84425328048184,0.0,5973.270810022076,703.3990353954081,0.0,0.0,0.0,154.40441313244048,0.0,39.5
209.5,335.4023918132369,0.0,16842.394144925263,703.3990353954081,0.0,0.0,0.0,151.80938097895412,0.0,99.5
269.5,397.1540068439077,0.0,28851.404986881233,703.3990353954081,0.0,0.0,0.0,155.7019292091837,0.0,159.5
329.5,398.3725978064861,0.0,43872.85140780856,703.3990353954081,0.0,0.0,0.0,155.7019292091837,0.0,219.5
389.5,371.53594021178236,0.0,57482.40001893196,128.9564898224915,0.0,0.0,0.0,155.7019292091837,0.0,278.75
449.5,530.9642435126091,0.0,69295.61515558131,0.0,0.0,0.0,0.0,155.7019292091837,0.0,300.0
509.5,576.2126004269601,0.0,83158.78416218265,0.0,0.0,0.0,0.0,155.7019292091837,0.0,300.0
569.5,596.63701260079,0.0,97134.32696380999,0.0,0.0,0.0,0.0,155.7019292091837,0.0,300.0
629.5,569.4109715823771,0.0,107669.56069754521,0.0,0.0,0.0,0.0,155.7019292091837,0.0,300.0
689.5,562.127594572309,0.0,118459.83103384398,0.0,0.0,0.0,0.0,155.7019292091837,0.0,300.0
749.5,539.4772581151938,0.0,124442.6891156339,0.0,0.0,0.0,0.0,155.7019292091837,0.0,300.0
809.5,488.94148402951305,0.0,122042.21748669953,0.0,0.0,0.0,0.0,155.7019292091837,0.0,300.0
869.5,383.4539311637964,0.0,112164.35895566319,0.0,0.0,0.0,0.0,155.7019292091837,0.0,300.0
929.5,385.1882270157453,0.0,100382.0028075869,0.0,0.0,0.0,0.0,155.7019292091837,0.0,300.0
989.5,362.2044133085798,0.0,88832.39357280282,0.0,0.0,0.0,0.0,155.7019292091837,0.0,300.0
1049.5,374.8244223976712,0.0,78328.09717514987,0.0,0.0,0.0,0.0,155.7019292091837,0.0,300.0
1109.5,464.7549536772722,0.0,71844.77288946751,0.0,0.0,0.0,0.0,155.7019292091837,0.0,300.0
1169.5,469.80889100638757,0.0,74891.39871554334,0.0,0.0,0.0,0.0,155.7019292091837,0.0,300.0
1229.5,462.2126874313809,0.0,80404.30522751054,0.0,0.0,0.0,0.0,155.7019292091837,0.0,300.0
1289.5,407.149943152226,0.0,82960.70481661333,0.0,0.0,0.0,0.0,155.7019292091837,0.0,300.0
1349.5,408.6510745257123,0.0,85434.1776723478,0.0,0.0,0.0,0.0,155.7019292091837,0.0,300.0
1409.5,359.2672598800331,0.0,82395.33865420645,0.0,0.0,0.0,0.0,155.7019292091837,0.0,300.0
1469.5,413.6362469357438,0.0,78256.80491053003,0.0,0.0,0.0,0.0,155.7019292091837,0.0,300.0
1529.5,422.42522825415836,0.0,74089.8391779136,0.0,0.0,0.0,0.0,155.7019292091837,0.0,300.0
1589.5,458.92408151510296,0.0,75634.39045832449,0.0,0.0,0.0,0.0,155.7019292091837,0.0,300.0
1649.5,547.5069106725738,0.0,80919.892338083,0.0,0.0,0.0,0.0,155.7019292091837,0.0,300.0
1709.5,559.2363352504879,0.0,92883.7869008406,0.0,0.0,0.0,0.0,155.7019292091837,0.0,300.0
1769.5,573.8939083173169,0.0,101894.11667788897,0.0,0.0,0.0,0.0,155.7019292091837,0.0,300.0
1829.5,645.6819947403621,0.0,114687.38845669616,0.0,0.0,0.0,0.0,155.7019292091837,0.0,300.0
1889.5,607.5135648421312,0.0,125869.98707723436,0.0,0.0,0.0,0.0,155.7019292091837,0.0,300.0
1949.5,560.8844635152707,0.0,130621.81314152831,0.0,0.0,0.0,0.0,155.7019292091837,0.0,300.0
2009.5,524.1591770987949,0.0,129156.97821793982,0.0,0.0,0.0,0.0,155.7019292091837,0.0,300.0
2069.5,443.30101115563383,0.0,124630.30918216919,0.0,0.0,0.0,0.0,155.7019292091837,0.0,300.0
2129.5,448.0423588282043,0.0,114289.95826407724,0.0,0.0,0.0,0.0,155.7019292091837,0.0,300.0
2189.5,446.3160177396126,0.0,103472.1631811036,0.0,0.0,0.0,0.0,155.7019292091837,0.0,300.0
2249.5,379.135927721786,0.0,93635.74513513848,0.0,0.0,0.0,0.0,155.7019292091837,0.0,300.0
2309.5,398.64210506899724,0.0,84448.80685877493,0.0,0.0,0.0,0.0,155.7019292091837,0.0,300.0
2369.5,286.27456619558853,0.0,76638.89382045489,0.0,0.0,0.0,0.0,155.7019292091837,0.0,300.0
2429.5,222.9685475204645,0.0,64464.08396725551,0.0,0.0,0.0,0.0,155.7019292091837,0.0,300.0
2489.5,240.32827613262532,0.0,50866.18044465048,0.0,0.0,0.0,0.0,155.7019292091837,0.0,300.0
2549.5,313.32151361105775,0.0,42885.60500617748,0.0,0.0,0.0,0.0,155.7019292091837,0.0,300.0
2609.5,314.7304224457171,0.0,38569.42053632691,0.0,0.0,0.0,0.0,155.7019292091837,0.0,300.0
2669.5,396.0896765622845,0.0,37196.93682951219,0.0,0.0,0.0,0.0,155.7019292091837,0.0,300.0
2729.5,539.2250403221616,0.0,51713.57235237623,0.0,0.0,0.0,0.0,147.91683274872452,0.0,300.0
2789.5,498.3203529454883,0.0,71354.61423522918,0.0,0.0,0.0,0.0,149.21434882546774,0.0,300.0
2849.5,451.2097540306457,0.0,82276.09660980242,0.0,0.0,0.0,0.0,146.61931667198132,0.0,300.0
2909.5,488.3310791272361,0.0,92965.91330485906,0.0,0.0,0.0,0.0,140.13173628826527,0.0,300.0
2969.5,352.3611674153106,0.0,99742.57870367487,0.0,0.0,0.0,0.0,138.8342202115221,0.0,300.0
3029.5,363.92809540816125,0.0,91377.13277799987,0.0,0.0,0.0,0.0,145.32180059523813,0.0,300.0
3089.5,383.38590107456275,0.0,82546.10747181758,0.0,0.0,0.0,0.0,147.91683274872452,0.0,300.0
3149.5,353.55253318639103,0.0,76849.67273290204,0.0,0.0,0.0,0.0,154.4044131324405,0.0,300.0
3209.5,279.30569773469756,0.0,66234.71856818114,0.0,0.0,0.0,0.0,155.7019292091837,0.0,300.0
3269.5,236.5595510398364,0.0,54952.35760878161,0.0,0.0,0.0,0.0,155.7019292091837,0.0,300.0
3329.5,223.88572871107465,130.20833333333334,47169.396261637114,5498.281465906675,0.0,1.2975160767431972,0.0,142.72676844175172,12.975160767431971,300.0
3389.5,359.59553966916667,0.0,42191.956729956815,7033.990353954082,0.0,0.0,0.0,155.7019292091837,0.0,300.0
3449.5,373.54065179563855,0.0,41645.51689199051,7033.990353954082,0.0,0.0,0.0,155.7019292091837,0.0,300.0
3509.5,376.71305983428493,0.0,45519.15098908524,7033.990353954082,0.0,0.0,0.0,155.7019292091837,0.0,300.0
3569.5,382.9419289797987,0.0,52714.58912968404,7033.990353954082,0.0,0.0,0.0,155.7019292091837,0.0,300.0
3629.5,281.34109222587915,0.0,60037.835790852085,1664.6197053039969,0.0,0.0,0.0,155.7019292091837,0.0,299.8333333333333
3689.5,250.41107064471106,0.0,56451.96195256121,0.0,0.0,0.0,0.0,155.7019292091837,0.0,300.0
3749.5,258.2455116570114,0.0,49907.19899050391,0.0,0.0,0.0,0.0,155.7019292091837,0.0,300.0
3809.5,283.10753286409806,0.0,43795.463804260384,0.0,0.0,0.0,0.0,137.53670413477892,0.0,300.0
3869.5,237.63028910965008,0.0,37791.28785966818,0.0,0.0,0.0,0.0,147.91683274872454,0.0,300.0
3929.5,219.8949329841327,0.0,30724.655698813196,0.0,0.0,0.0,0.0,154.4044131324405,0.0,300.0
3989.5,262.7823109728234,0.0,30455.22472385025,0.0,0.0,0.0,0.0,154.4044131324405,0.0,300.0
4049.5,335.0034025536097,0.0,33564.37243019881,0.0,0.0,0.0,0.0,155.7019292091837,0.0,300.0
4109.5,387.08541734517735,0.0,38168.27932340086,0.0,0.0,0.0,0.0,153.1068970556973,0.0,300.0
4169.5,353.8168983986351,0.0,45076.38412107678,0.0,0.0,0.0,0.0,136.2391880580357,0.0,300.0
4229.5,360.43032519265034,0.0,53069.68795120313,0.0,0.0,0.0,0.0,147.91683274872454,0.0,300.0
4289.5,323.09203185423826,0.0,59454.633841627445,0.0,0.0,0.0,0.0,155.7019292091837,0.0,300.0
4349.5,311.5665597725962,0.0,60005.81027282705,0.0,0.0,0.0,0.0,155.7019292091837,0.0,300.0
4409.5,355.23045283165567,0.0,57238.55666577229,0.0,0.0,0.0,0.0,155.7019292091837,0.0,300.0
4469.5,454.7825845393702,0.0,58974.62911594353,0.0,0.0,0.0,0.0,155.7019292091837,0.0,300.0
4529.5,434.865340055121,0.0,64344.635305885735,0.0,0.0,0.0,0.0,155.7019292091837,0.0,300.0
4589.5,395.0230242561229,0.0,68410.4028165235,0.0,0.0,0.0,0.0,155.7019292091837,0.0,300.0
4649.5,381.5589418372393,0.0,72731.25129518713,0.0,0.0,0.0,0.0,155.7019292091837,0.0,300.0
4709.5,293.7686119257609,0.0,74584.35339137174,0.0,0.0,0.0,0.0,155.7019292091837,0.0,300.0
4769.5,314.5400475290402,0.0,66898.90461581192,0.0,0.0,0.0,0.0,155.7019292091837,0.0,300.0
4829.5,366.58565063964346,0.0,60763.2200949127,0.0,0.0,0.0,0.0,155.7019292091837,0.0,300.0
4889.5,450.5524007696904,0.0,59928.5384611888,0.0,0.0,0.0,0.0,155.7019292091837,0.0,300.0
4949.5,387.5638216055179,0.0,61531.768001747914,0.0,0.0,0.0,0.0,155.7019292091837,0.0,300.0
5009.5,461.3459508409131,0.0,66536.21851059292,0.0,0.0,0.0,0.0,155.7019292091837,0.0,300.0
5069.5,377.3437702298659,0.0,74754.87634513411,0.0,0.0,0.0,0.0,155.7019292091837,0.0,300.0
5129.5,303.9666233940646,0.0,74540.35227302306,0.0,0.0,0.0,0.0,155.7019292091837,0.0,300.0
5189.5,280.8575014095835,0.0,67503.07702552616,0.0,0.0,0.0,0.0,155.7019292091837,0.0,300.0
5249.5,167.41611933674952,195.3125,57416.88281403035,2685.142049984056,0.0,1.2975160767431972,0.0,129.75160767431973,25.950321534863942,300.0
5309.5,123.31268150809578,390.625,41897.2734059736,21103.341238839283,0.0,0.0,0.0,116.77644690688776,38.92548230229591,300.0
5369.5,170.30483656241492,221.35416666666666,26410.7290149309,40089.83378507652,0.0,0.0,0.0,134.9416719812925,20.760257227891156,300.0
5429.5,265.2697018309667,0.0,19513.964474887565,43299.336336096916,0.0,0.0,0.0,155.7019292091837,0.0,300.0
5489.5,349.24956329932724,0.0,20601.593634095916,43299.336336096916,0.0,0.0,0.0,155.7019292091837,0.0,300.0
5549.5,410.3619840186723,0.0,28675.11427394761,40803.019205729164,0.0,0.0,0.0,155.7019292091837,0.0,297.1
5609.5,482.8349760042166,0.0,45196.28603960623,22586.62009725766,0.0,0.0,0.0,155.7019292091837,0.0,299.5
5669.5,496.08546030001776,0.0,64540.76810002882,3430.856717687075,0.0,0.0,0.0,155.7019292091837,0.0,299.73333333333335
5729.5,390.60422055052493,0.0,78148.85878041356,0.0,0.0,0.0,0.0,155.7019292091837,0.0,300.0
5789.5,456.0783292609501,0.0,84298.31129155951,0.0,0.0,0.0,0.0,155.7019292091837,0.0,300.0
5849.5,482.46120530851226,0.0,89844.87879195536,0.0,0.0,0.0,0.0,155.7019292091837,0.0,300.0
5909.5,468.90675105286283,0.0,93354.26703910236,0.0,0.0,0.0,0.0,155.7019292091837,0.0,300.0
5969.5,466.71139522239827,0.0,90668.89335602178,0.0,0.0,0.0,0.0,155.7019292091837,0.0,300.0
6029.5,443.2145520698548,0.0,91818.72007381213,0.0,0.0,0.0,0.0,155.7019292091837,0.0,300.0
6089.5,295.5714067933808,0.0,87873.53327149512,0.0,0.0,0.0,0.0,155.7019292091837,0.0,300.0
6149.5,248.14617151720594,0.0,76137.50617898481,0.0,0.0,0.0,0.0,155.7019292091837,0.0,300.0
6209.5,285.9608284042734,0.0,62011.710099689146,0.0,0.0,0.0,0.0,155.7019292091837,0.0,300.0
6269.5,331.86251543605914,0.0,53241.34576995768,0.0,0.0,0.0,0.0,155.7019292091837,0.0,300.0
6329.5,405.29116146242075,0.0,47311.682009601645,0.0,0.0,0.0,0.0,155.7019292091837,0.0,300.0
6389.5,504.2518193167949,0.0,53660.843509936305,0.0,0.0,0.0,0.0,155.7019292091837,0.0,300.0
6449.5,522.3048002727531,0.0,68972.781983441,0.0,0.0,0.0,0.0,155.7019292091837,0.0,300.0
6509.5,465.41503186370244,0.0,82641.24022500102,0.0,0.0,0.0,0.0,155.7019292091837,0.0,300.0
6569.5,429.25085351228716,0.0,90510.82489807255,0.0,0.0,0.0,0.0,155.7019292091837,0.0,300.0
6629.5,373.91380086387977,0.0,93263.83331969893,0.0,0.0,0.0,0.0,155.7019292091837,0.0,300.0
6689.5,382.3324882257211,0.0,87150.2544138148,0.0,0.0,0.0,0.0,155.7019292091837,0.0,300.0
6749.5,484.7186289647606,0.0,81766.36957943327,0.0,0.0,0.0,0.0,155.7019292091837,0.0,300.0
6809.5,586.4249071876385,0.0,84527.58039044905,0.0,0.0,0.0,0.0,155.7019292091837,0.0,300.0
6869.5,633.5634881165623,0.0,94493.3849608111,0.0,0.0,0.0,0.0,155.7019292091837,0.0,300.0
6929.5,738.2453132977215,0.0,111203.60797158226,0.0,0.0,0.0,0.0,155.7019292091837,0.0,300.0
6989.5,699.3584431266222,0.0,134133.47462395162,0.0,0.0,0.0,0.0,155.7019292091837,0.0,300.0
7049.5,658.3008716112527,0.0,148327.25784576903,0.0,0.0,0.0,0.0,155.7019292091837,0.0,300.0
7109.5,670.2329891009572,0.0,155888.79446802492,0.0,0.0,0.0,0.0,155.7019292091837,0.0,300.0
7169.5,534.7025640456337,0.0,156481.34043483555,0.0,0.0,0.0,0.0,155.7019292091837,0.0,300.0
7229.5,414.97913107156296,0.0,142946.89865807435,0.0,0.0,0.0,0.0,155.7019292091837,0.0,300.0
7289.5,388.11154277031545,0.0,122647.9917961931,0.0,0.0,0.0,0.0,155.7019292091837,0.0,300.0
7349.5,367.66513720887957,0.0,104896.93926809628,0.0,0.0,0.0,0.0,155.7019292091837,0.0,300.0
7409.5,332.6327452698742,0.0,85290.58870347988,0.0,0.0,0.0,0.0,155.7019292091837,0.0,300.0
7469.5,357.41495703148485,0.0,69014.33824186107,0.0,0.0,0.0,0.0,155.7019292091837,0.0,300.0
7529.5,401.54777520681415,0.0,64089.51249512341,0.0,0.0,0.0,0.0,155.7019292091837,0.0,300.0
7589.5,397.9578063146506,0.0,64223.62096634472,0.0,0.0,0.0,0.0,155.7019292091837,0.0,300.0
7649.5,488.1389326154823,0.0,68192.19938983182,0.0,0.0,0.0,0.0,155.7019292091837,0.0,300.0
7709.5,469.82836212217615,0.0,77101.90419787032,0.0,0.0,0.0,0.0,155.7019292091837,0.0,300.0
7769.5,444.45285789643566,0.0,84164.18288587105,0.0,0.0,0.0,0.0,155.7019292091837,0.0,300.0
7829.5,478.49781354102913,0.0,87367.32897379663,0.0,0.0,0.0,0.0,155.7019292091837,0.0,300.0
7889.5,441.70026271157974,0.0,92282.87858705733,0.0,0.0,0.0,0.0,155.7019292091837,0.0,300.0
7949.5,384.17651454260533,0.0,90108.79432867463,0.0,0.0,0.0,0.0,155.7019292091837,0.0,300.0
8009.5,375.96164980126997,0.0,83324.83690410605,0.0,0.0,0.0,0.0,155.7019292091837,0.0,300.0
8069.5,422.9228695258466,0.0,80088.32421800222,0.0,0.0,0.0,0.0,155.7019292091837,0.0,300.0
8129.5,314.0773850480498,0.0,75129.19583790559,0.0,0.0,0.0,0.0,155.7019292091837,0.0,300.0
8189.5,403.647529684073,0.0,67967.04838536114,0.0,0.0,0.0,0.0,155.7019292091837,0.0,300.0
8249.5,488.61053191227677,0.0,70546.28899245741,0.0,0.0,0.0,0.0,155.7019292091837,0.0,300.0
8309.5,478.69283541647843,0.0,77816.27218993622,0.0,0.0,0.0,0.0,155.7019292091837,0.0,300.0
8369.5,478.61509316209504,0.0,81647.13847122803,0.0,0.0,0.0,0.0,155.7019292091837,0.0,300.0
8429.5,411.45120922215494,0.0,86765.40201152771,0.0,0.0,0.0,0.0,155.7019292091837,0.0,300.0
8489.5,369.56565141926836,0.0,89007.10876042246,0.0,0.0,0.0,0.0,155.7019292091837,0.0,300.0
8549.5,306.1273221810594,0.0,81301.83469566415,0.0,0.0,0.0,0.0,155.7019292091837,0.0,300.0
8609.5,357.0569358811184,0.0,71556.27886844418,0.0,0.0,0.0,0.0,155.7019292091837,0.0,300.0
8669.5,439.65009677399127,0.0,67109.70816962299,0.0,0.0,0.0,0.0,155.7019292091837,0.0,300.0
8729.5,492.8600760002315,0.0,68380.73705611636,0.0,0.0,0.0,0.0,155.7019292091837,0.0,300.0
8789.5,557.8721602008113,0.0,76502.10789264296,0.0,0.0,0.0,0.0,155.7019292091837,0.0,300.0
8849.5,478.6028114339621,0.0,89017.59464237625,0.0,0.0,0.0,0.0,155.7019292091837,0.0,300.0
8909.5,443.44074447598,0.0,96032.3841777907,0.0,0.0,0.0,0.0,155.7019292091837,0.0,300.0
8969.5,350.2924544212022,0.0,97311.82092582411,0.0,0.0,0.0,0.0,155.7019292091837,0.0,300.0
9029.5,195.03724933002346,91.14583333333333,85080.18377195476,566.6574491124575,0.0,1.2975160767431972,0.0,146.6193166719813,9.08261253720238,300.0
9089.5,192.4659456883081,195.3125,65041.08200967899,12817.569654815052,0.0,0.0,0.0,136.2391880580357,19.46274115114796,300.0
9149.5,344.17112729778853,0.0,49447.100040811114,15474.778778698981,0.0,0.0,0.0,155.7019292091837,0.0,300.0
9209.5,398.72315196369146,0.0,44676.34077300689,15474.778778698981,0.0,0.0,0.0,155.7019292091837,0.0,300.0
9269.5,535.7635789633204,0.0,48312.38051293177,15474.778778698981,0.0,0.0,0.0,155.7019292091837,0.0,300.0
9329.5,613.7305216140903,0.0,66852.94669673209,14997.969646843112,0.0,0.0,0.0,155.7019292091837,0.0,299.8666666666667
9389.5,580.0572691413864,0.0,92088.47036970401,2852.521623883929,0.0,0.0,0.0,155.7019292091837,0.0,299.76666666666665
9449.5,521.2258428778289,0.0,107937.03390243759,0.0,0.0,0.0,0.0,155.7019292091837,0.0,300.0
9509.5,417.74144994985534,0.0,114975.87525195545,0.0,0.0,0.0,0.0,155.7019292091837,0.0,300.0
9569.5,370.1924822595512,0.0,108631.69977185848,0.0,0.0,0.0,0.0,155.7019292091837,0.0,300.0
9629.5,395.7292045276691,0.0,98145.19875973984,0.0,0.0,0.0,0.0,155.7019292091837,0.0,300.0
9689.5,382.01780272782713,0.0,83149.5227761336,0.0,0.0,0.0,0.0,155.7019292091837,0.0,300.0
9749.5,361.70264388327547,0.0,73761.34928329896,0.0,0.0,0.0,0.0,155.7019292091837,0.0,300.0
9809.5,477.7758768433077,0.0,68816.1936120251,0.0,0.0,0.0,0.0,155.7019292091837,0.0,300.0
9869.5,513.9326316034602,0.0,77754.38054053958,0.0,0.0,0.0,0.0,155.7019292091837,0.0,300.0
9929.5,559.5175090055805,0.0,86054.76952683895,0.0,0.0,0.0,0.0,155.7019292091837,0.0,300.0
9989.5,582.9110955891158,0.0,97888.16104978205,0.0,0.0,0.0,0.0,155.7019292091837,0.0,300.0
10049.5,572.882517927863,0.0,110568.12455715219,0.0,0.0,0.0,0.0,155.7019292091837,0.0,300.0
10109.5,514.1679109048548,0.0,118658.58570221362,0.0,0.0,0.0,0.0,155.7019292091837,0.0,300.0
10169.5,468.2150910185047,0.0,117027.79651834277,0.0,0.0,0.0,0.0,155.7019292091837,0.0,300.0
10229.5,431.01626220302785,0.0,112007.48219694597,0.0,0.0,0.0,0.0,155.7019292091837,0.0,300.0
10289.5,431.8279703070106,0.0,102202.98838452833,0.0,0.0,0.0,0.0,155.7019292091837,0.0,300.0
10349.5,498.3906008106505,0.0,96112.71244918743,0.0,0.0,0.0,0.0,155.7019292091837,0.0,300.0
10409.5,527.2212934096789,0.0,93570.51019167164,0.0,0.0,0.0,0.0,155.7019292091837,0.0,300.0
10469.5,564.8662661718016,0.0,97190.71856931393,0.0,0.0,0.0,0.0,155.7019292091837,0.0,300.0
10529.5,624.6991493177853,0.0,105811.44993741675,0.0,0.0,0.0,0.0,155.7019292091837,0.0,300.0
10589.5,485.24990720942293,0.0,115890.54324993465,0.0,0.0,0.0,0.0,155.7019292091837,0.0,300.0
10649.5,488.64115203187066,0.0,115468.1715820343,0.0,0.0,0.0,0.0,155.7019292091837,0.0,300.0
10709.5,406.72051520967335,0.0,112134.92958708959,0.0,0.0,0.0,0.0,155.7019292091837,0.0,300.0
10769.5,364.22598691471126,0.0,102771.66130209243,0.0,0.0,0.0,0.0,155.7019292091837,0.0,300.0
10829.5,379.6668709074854,0.0,88833.57967172624,0.0,0.0,0.0,0.0,155.7019292091837,0.0,300.0
10889.5,390.77438794479133,0.0,77667.59573108607,0.0,0.0,0.0,0.0,155.7019292091837,0.0,300.0
10949.5,322.01872071011053,0.0,69933.71610770586,0.0,0.0,0.0,0.0,155.7019292091837,0.0,300.0
11009.5,283.2084936278113,0.0,60740.8420066039,0.0,0.0,0.0,0.0,155.7019292091837,0.0,300.0
11069.5,328.89955122170693,0.0,56475.04704295276,0.0,0.0,0.0,0.0,155.7019292091837,0.0,300.0
11129.5,302.0325684763578,0.0,53666.805837236374,0.0,0.0,0.0,0.0,155.7019292091837,0.0,300.0
11189.5,366.8486378048239,0.0,49756.435862385115,0.0,0.0,0.0,0.0,155.7019292091837,0.0,300.0
11249.5,455.5852092230233,0.0,53162.76200531948,0.0,0.0,0.0,0.0,155.7019292091837,0.0,300.0
11309.5,450.3623838502033,0.0,64147.304851093126,0.0,0.0,0.0,0.0,155.7019292091837,0.0,300.0
11369.5,493.2061904940728,0.0,72366.70567477883,0.0,0.0,0.0,0.0,155.7019292091837,0.0,300.0
11429.5,504.71602078011904,0.0,83213.83982296634,0.0,0.0,0.0,0.0,155.7019292091837,0.0,300.0
11489.5,471.0449613356247,0.0,93471.0151775025,0.0,0.0,0.0,0.0,155.7019292091837,0.0,300.0
11549.5,343.45541135747493,0.0,93659.01857092931,0.0,0.0,0.0,0.0,155.7019292091837,0.0,300.0
11609.5,362.07235528306444,0.0,85588.3791952463,0.0,0.0,0.0,0.0,155.7019292091837,0.0,300.0
11669.5,320.71583001886216,0.0,79309.52650340911,0.0,0.0,0.0,0.0,155.7019292091837,0.0,300.0
11729.5,302.96996594534534,0.0,68049.79779712274,0.0,0.0,0.0,0.0,155.7019292091837,0.0,300.0
11789.5,416.39321967427844,0.0,59427.53044291643,0.0,0.0,0.0,0.0,155.7019292091837,0.0,300.0
11849.5,493.7551694575048,0.0,62062.32673394845,0.0,0.0,0.0,0.0,155.7019292091837,0.0,300.0
11909.5,511.1976777673711,0.0,72022.6185604816,0.0,0.0,0.0,0.0,155.7019292091837,0.0,300.0
11969.5,593.2059781505762,0.0,83764.09079056834,0.0,0.0,0.0,0.0,155.7019292091837,0.0,300.0
12029.5,649.1816187800644,0.0,103341.3399997671,0.0,0.0,0.0,0.0,155.7019292091837,0.0,300.0
12089.5,590.9540878047324,0.0,119185.73830029328,0.0,0.0,0.0,0.0,155.7019292091837,0.0,300.0
12149.5,524.1677857358461,0.0,124859.35379687835,0.0,0.0,0.0,0.0,155.7019292091837,0.0,300.0
12209.5,529.1682983823518,0.0,126309.0324417475,0.0,0.0,0.0,0.0,155.7019292091837,0.0,300.0
12269.5,407.63841060027005,0.0,122031.57599441273,0.0,0.0,0.0,0.0,155.7019292091837,0.0,300.0
12329.5,276.5582636390022,0.0,104404.68042543673,0.0,0.0,0.0,0.0,155.7019292091837,0.0,300.0
12389.5,335.2953884716787,0.0,85352.58075482241,0.0,0.0,0.0,0.0,155.7019292091837,0.0,300.0
12449.5,337.08032399021135,0.0,73378.82494317803,0.0,0.0,0.0,0.0,155.7019292091837,0.0,300.0
12509.5,248.16618126958787,0.0,58730.31771093119,0.0,0.0,0.0,0.0,155.7019292091837,0.0,300.0
12569.5,322.9201759616425,0.0,46283.479156117115,0.0,0.0,0.0,0.0,155.7019292091837,0.0,300.0
12629.5,409.44315365698515,0.0,48227.003861995,0.0,0.0,0.0,0.0,155.7019292091837,0.0,300.0
12689.5,401.9339188722683,0.0,54955.3439161023,0.0,0.0,0.0,0.0,155.7019292091837,0.0,300.0
12749.5,407.22076105992477,0.0,57633.809034063794,0.0,0.0,0.0,0.0,155.7019292091837,0.0,300.0
12809.5,433.65345582007217,0.0,65960.57119462188,0.0,0.0,0.0,0.0,155.7019292091837,0.0,300.0
12869.5,406.38743862604196,0.0,75371.50152064384,0.0,0.0,0.0,0.0,155.7019292091837,0.0,300.0
12929.5,380.88994815287384,0.0,76048.19477602256,0.0,0.0,0.0,0.0,155.7019292091837,0.0,300.0
12989.5,469.37852327433507,0.0,77288.74494502012,0.0,0.0,0.0,0.0,155.7019292091837,0.0,300.0
13049.5,516.312738657751,0.0,83113.29016820359,0.0,0.0,0.0,0.0,155.7019292091837,0.0,300.0
13109.5,564.7676526555581,0.0,90236.94995267379,0.0,0.0,0.0,0.0,155.7019292091837,0.0,300.0
13169.5,535.5057799079331,0.0,98012.75886705393,0.0,0.0,0.0,0.0,155.7019292091837,0.0,300.0
13229.5,468.1170622278057,0.0,104579.69283067207,0.0,0.0,0.0,0.0,155.7019292091837,0.0,300.0
13289.5,454.85163877063104,0.0,106352.05977187309,0.0,0.0,0.0,0.0,155.7019292091837,0.0,300.0
13349.5,426.9313453059318,0.0,103330.16865936617,0.0,0.0,0.0,0.0,155.7019292091837,0.0,300.0
13409.5,435.1428117954265,0.0,95837.24725226912,0.0,0.0,0.0,0.0,155.7019292091837,0.0,300.0
13469.5,547.7151898849938,0.0,92786.49238828679,0.0,0.0,0.0,0.0,155.7019292091837,0.0,300.0
13529.5,577.6773822814434,0.0,96729.64891627754,0.0,0.0,0.0,0.0,155.7019292091837,0.0,300.0
13589.5,509.38927565460295,0.0,102400.20230612837,0.0,0.0,0.0,0.0,155.7019292091837,0.0,300.0
13649.5,497.5034097199687,0.0,105550.15255380642,0.0,0.0,0.0,0.0,155.7019292091837,0.0,300.0
13709.5,431.0659040373048,0.0,109217.07287485796,0.0,0.0,0.0,0.0,155.7019292091837,0.0,300.0
13769.5,368.60988494921355,0.0,102105.99692573576,0.0,0.0,0.0,0.0,155.7019292091837,0.0,300.0
13829.5,426.43043063229106,0.0,91209.32418978689,0.0,0.0,0.0,0.0,155.7019292091837,0.0,300.0
13889.5,503.8054617666568,0.0,86785.27715893825,0.0,0.0,0.0,0.0,155.7019292091837,0.0,300.0
13949.5,529.947029507022,0.0,87693.5383515638,0.0,0.0,0.0,0.0,155.7019292091837,0.0,300.0
14009.5,617.5081450227141,0.0,93415.24697046074,0.0,0.0,0.0,0.0,155.7019292091837,0.0,300.0
14069.5,527.283296129443,0.0,105281.52700283504,0.0,0.0,0.0,0.0,155.7019292091837,0.0,300.0
14129.5,574.4460475710845,0.0,114909.24564067577,0.0,0.0,0.0,0.0,155.7019292091837,0.0,300.0
14189.5,544.4943258345447,0.0,120949.82965339565,0.0,0.0,0.0,0.0,155.7019292091837,0.0,300.0
14249.5,385.69156984090904,0.0,118319.30032495961,0.0,0.0,0.0,0.0,155.7019292091837,0.0,300.0
14309.5,288.205311412249,0.0,103335.21980383893,0.0,0.0,0.0,0.0,155.7019292091837,0.0,300.0
14369.5,264.36627977801083,0.0,84667.71766420426,0.0,0.0,0.0,0.0,155.7019292091837,0.0,300.0
14429.5,288.7636830959538,0.0,68462.14927815498,0.0,0.0,0.0,0.0,155.7019292091837,0.0,300.0
14489.5,318.64779219535717,0.0,51979.61608438473,0.0,0.0,0.0,0.0,155.7019292091837,0.0,300.0
14549.5,391.59020994855877,0.0,45120.101178444,0.0,0.0,0.0,0.0,155.7019292091837,0.0,300.0
14609.5,412.9404676586885,0.0,50157.546681851876,0.0,0.0,0.0,0.0,155.7019292091837,0.0,300.0
14669.5,351.1344308304599,0.0,57602.23077418586,0.0,0.0,0.0,0.0,155.7019292091837,0.0,300.0
14729.5,217.4611534831903,0.0,57357.89568993184,0.0,0.0,0.0,0.0,155.7019292091837,0.0,300.0
14789.5,223.20107243326555,0.0,53084.20926505425,0.0,0.0,0.0,0.0,155.7019292091837,0.0,300.0
14849.5,207.96907165617824,0.0,44139.310105149314,0.0,0.0,0.0,0.0,155.7019292091837,0.0,300.0
14909.5,250.30502042803653,0.0,33269.79528947252,0.0,0.0,0.0,0.0,155.7019292091837,0.0,300.0
14969.5,339.47233186462955,0.0,26515.487131862745,0.0,0.0,0.0,0.0,155.7019292091837,0.0,300.0
15029.5,370.78377336066546,0.0,32504.872409031555,0.0,0.0,0.0,0.0,155.7019292091837,0.0,300.0
15089.5,313.1285978562793,0.0,39044.06533946608,0.0,0.0,0.0,0.0,155.7019292091837,0.0,300.0
15149.5,269.8741774440535,0.0,43855.17868142864,0.0,0.0,0.0,0.0,155.7019292091837,0.0,300.0
15209.5,302.47896775302286,0.0,47814.410926582736,0.0,0.0,0.0,0.0,155.7019292091837,0.0,300.0
15269.5,292.29939783827587,0.0,48408.44365912515,0.0,0.0,0.0,0.0,155.7019292091837,0.0,300.0
15329.5,308.5192445422947,0.0,44073.45190727162,0.0,0.0,0.0,0.0,155.7019292091837,0.0,300.0
15389.5,312.89766394368877,0.0,42561.17139549801,0.0,0.0,0.0,0.0,155.7019292091837,0.0,300.0
15449.5,355.9047943452425,0.0,45482.92854614314,0.0,0.0,0.0,0.0,155.7019292091837,0.0,300.0
15509.5,386.58801151150664,0.0,50331.36468704457,0.0,0.0,0.0,0.0,155.7019292091837,0.0,300.0
15569.5,454.2507363600081,0.0,57418.67716412471,0.0,0.0,0.0,0.0,155.7019292091837,0.0,300.0
15629.5,505.9230400474384,0.0,67809.56540510266,0.0,0.0,0.0,0.0,155.7019292091837,0.0,300.0
15689.5,585.8773300129461,0.0,83217.74924437662,0.0,0.0,0.0,0.0,155.7019292091837,0.0,300.0
15749.5,459.77318351860686,0.0,94141.8544725332,0.0,0.0,0.0,0.0,155.7019292091837,0.0,300.0
15809.5,444.40573961792705,0.0,99028.76419698076,0.0,0.0,0.0,0.0,155.7019292091837,0.0,300.0
15869.5,428.73842426300064,0.0,99033.60295225239,0.0,0.0,0.0,0.0,155.7019292091837,0.0,300.0
15929.5,438.59193852955576,0.0,98687.09915278816,0.0,0.0,0.0,0.0,155.7019292091837,0.0,300.0
15989.5,485.49285370336327,0.0,91469.12331128842,0.0,0.0,0.0,0.0,155.7019292091837,0.0,300.0
16049.5,480.2556752389624,0.0,89913.22078890893,0.0,0.0,0.0,0.0,155.7019292091837,0.0,300.0
16109.5,392.9037134272445,0.0,88787.97753908914,0.0,0.0,0.0,0.0,155.7019292091837,0.0,300.0
16169.5,341.4768834356607,0.0,85990.29678446575,0.0,0.0,0.0,0.0,155.7019292091837,0.0,300.0
16229.5,275.88267136695134,0.0,76875.03656402584,0.0,0.0,0.0,0.0,155.7019292091837,0.0,300.0
16289.5,275.3857442287534,0.0,65227.993033950996,0.0,0.0,0.0,0.0,155.7019292091837,0.0,300.0
16349.5,308.0063766051825,0.0,53538.323249740446,0.0,0.0,0.0,0.0,155.7019292091837,0.0,300.0
16409.5,305.91219828741885,0.0,46046.693559022126,0.0,0.0,0.0,0.0,155.7019292091837,0.0,300.0
16469.5,361.01232671126587,0.0,43330.76585536284,0.0,0.0,0.0,0.0,155.7019292091837,0.0,300.0
16529.5,435.89814709006384,0.0,49671.79319078662,0.0,0.0,0.0,0.0,155.7019292091837,0.0,300.0
16589.5,439.5870044892004,0.0,60258.170953263616,0.0,0.0,0.0,0.0,155.7019292091837,0.0,300.0
16649.5,475.28481474159236,0.0,69914.1385488795,0.0,0.0,0.0,0.0,155.7019292091837,0.0,300.0
16709.5,431.88482477686597,0.0,78528.79497577393,0.0,0.0,0.0,0.0,155.7019292091837,0.0,300.0
16769.5,452.04692184177105,0.0,85045.57998973592,0.0,0.0,0.0,0.0,155.7019292091837,0.0,300.0
16829.5,516.8499896069396,0.0,89160.6894189519,0.0,0.0,0.0,0.0,155.7019292091837,0.0,300.0
16889.5,511.3205824504988,0.0,94936.95338329338,0.0,0.0,0.0,0.0,155.7019292091837,0.0,300.0
16949.5,498.3720779342228,0.0,96677.59743609888,0.0,0.0,0.0,0.0,155.7019292091837,0.0,300.0
17009.5,544.3460050875971,0.0,101905.11457542029,0.0,0.0,0.0,0.0,155.7019292091837,0.0,300.0
17069.5,471.07645858029804,0.0,106030.04581556786,0.0,0.0,0.0,0.0,155.7019292091837,0.0,300.0
17129.5,486.0753527698008,0.0,105842.69318980369,0.0,0.0,0.0,0.0,155.7019292091837,0.0,300.0
17189.5,547.6366471470963,0.0,105075.71571751399,0.0,0.0,0.0,0.0,155.7019292091837,0.0,300.0
17249.5,551.6402942648252,0.0,108986.39928580678,0.0,0.0,0.0,0.0,155.7019292091837,0.0,300.0
17309.5,655.2544985398898,0.0,112562.21975692334,0.0,0.0,0.0,0.0,155.7019292091837,0.0,300.0
17369.5,658.7844681646774,0.0,122283.35122343694,0.0,0.0,0.0,0.0,155.7019292091837,0.0,300.0
17429.5,584.5700308392295,0.0,130718.9028627679,0.0,0.0,0.0,0.0,155.7019292091837,0.0,300.0
17489.5,586.2503928123017,0.0,134764.0380398322,0.0,0.0,0.0,0.0,155.7019292091837,0.0,300.0
17549.5,521.5821179668119,0.0,134581.1824409229,0.0,0.0,0.0,0.0,155.7019292091837,0.0,300.0
17609.5,447.84285589640854,0.0,128286.08420798279,0.0,0.0,0.0,0.0,155.7019292091837,0.0,300.0
17669.5,356.7850603412025,0.0,112284.61931669243,0.0,0.0,0.0,0.0,155.7019292091837,0.0,300.0
17729.5,402.211350127726,0.0,97458.65139464174,0.0,0.0,0.0,0.0,155.7019292091837,0.0,300.0
17789.5,410.3970346875837,0.0,87701.5599391355,0.0,0.0,0.0,0.0,155.7019292091837,0.0,300.0
17849.5,350.2592125876215,0.0,77234.32959449767,0.0,0.0,0.0,0.0,155.7019292091837,0.0,300.0
17909.5,445.74118072304447,0.0,70976.230124943,0.0,0.0,0.0,0.0,155.7019292091837,0.0,300.0
17969.5,500.28345975259646,0.0,75749.8093560199,0.0,0.0,0.0,0.0,155.7019292091837,0.0,300.0
18029.5,473.11190722621274,0.0,82480.8286692084,0.0,0.0,0.0,0.0,155.7019292091837,0.0,300.0
18089.5,426.66833703295765,0.0,84446.99769702427,0.0,0.0,0.0,0.0,155.7019292091837,0.0,300.0
18149.5,346.0382346732103,0.0,84711.84504738716,0.0,0.0,0.0,0.0,155.7019292091837,0.0,300.0
18209.5,393.30481882837506,0.0,83603.88748155726,0.0,0.0,0.0,0.0,155.7019292091837,0.0,300.0
18269.5,343.183525471586,0.0,76941.370727074,0.0,0.0,0.0,0.0,155.7019292091837,0.0,300.0
18329.5,394.44224752687586,0.0,69822.48046040435,0.0,0.0,0.0,0.0,155.7019292091837,0.0,300.0
18389.5,514.8825425440542,0.0,70303.16965691844,0.0,0.0,0.0,0.0,155.7019292091837,0.0,300.0
18449.5,472.3741044171432,0.0,77453.80523380823,0.0,0.0,0.0,0.0,155.7019292091837,0.0,300.0
18509.5,462.97752366623234,0.0,82413.20114754004,0.0,0.0,0.0,0.0,155.7019292091837,0.0,300.0
18569.5,436.0792554151937,0.0,87968.5628510061,0.0,0.0,0.0,0.0,155.7019292091837,0.0,300.0
18629.5,420.9459561335524,0.0,91645.29662680626,0.0,0.0,0.0,0.0,155.7019292091837,0.0,300.0
18689.5,485.01528570914235,0.0,90897.06388644972,0.0,0.0,0.0,0.0,155.7019292091837,0.0,300.0
18749.5,499.7929446200404,0.0,89660.80424388337,0.0,0.0,0.0,0.0,155.7019292091837,0.0,300.0
18809.5,545.3485867143032,0.0,94916.05681493664,0.0,0.0,0.0,0.0,155.7019292091837,0.0,300.0
18869.5,496.19615370820173,0.0,98669.53389557783,0.0,0.0,0.0,0.0,155.7019292091837,0.0,300.0
18929.5,399.7242658783946,0.0,100813.62526520311,0.0,0.0,0.0,0.0,155.7019292091837,0.0,300.0
18989.5,338.4176841276203,0.0,94452.26902549934,0.0,0.0,0.0,0.0,155.7019292091837,0.0,300.0
19049.5,406.3053446543287,0.0,88668.85496280465,0.0,0.0,0.0,0.0,155.7019292091837,0.0,300.0
19109.5,453.13063221855117,0.0,81606.9842830994,0.0,0.0,0.0,0.0,155.7019292091837,0.0,300.0
19169.5,457.04914011801543,0.0,78118.68511823262,0.0,0.0,0.0,0.0,155.7019292091837,0.0,300.0
19229.5,459.7797709812221,0.0,77426.46507215149,0.0,0.0,0.0,0.0,155.7019292091837,0.0,300.0
19289.5,385.78012340738434,0.0,82430.87142871074,0.0,0.0,0.0,0.0,155.7019292091837,0.0,300.0
19349.5,291.1980669393141,0.0,80081.66037593447,0.0,0.0,0.0,0.0,155.7019292091837,0.0,300.0
19409.5,258.2732453726222,0.0,70215.77692575684,0.0,0.0,0.0,0.0,155.7019292091837,0.0,300.0
19469.5,407.72360622285095,0.0,62607.091449920925,0.0,0.0,0.0,0.0,155.7019292091837,0.0,300.0
19529.5,542.8556804265348,0.0,64185.87885495657,0.0,0.0,0.0,0.0,155.7019292091837,0.0,300.0
19589.5,592.2629345310362,0.0,72710.78979574093,0.0,0.0,0.0,0.0,155.7019292091837,0.0,300.0
19649.5,730.0762975946204,0.0,91507.34218733336,0.0,0.0,0.0,0.0,155.7019292091837,0.0,300.0
19709.5,630.4133871561876,0.0,118461.46716226498,0.0,0.0,0.0,0.0,155.7019292091837,0.0,300.0
19769.5,521.9020855361553,0.0,131437.5296159615,0.0,0.0,0.0,0.0,155.7019292091837,0.0,300.0
19829.5,495.55362220858564,0.0,133491.45684626454,0.0,0.0,0.0,0.0,155.7019292091837,0.0,300.0
19889.5,458.59690820586417,0.0,128049.99549657147,0.0,0.0,0.0,0.0,155.7019292091837,0.0,300.0
19949.5,484.77921726161327,0.0,116024.61655712067,0.0,0.0,0.0,0.0,155.7019292091837,0.0,300.0
20009.5,589.3879405444114,0.0,106139.83562407571,0.0,0.0,0.0,0.0,155.7019292091837,0.0,300.0
20069.5,514.0451893882998,0.0,107368.02103802173,0.0,0.0,0.0,0.0,155.7019292091837,0.0,300.0
20129.5,564.245423408466,0.0,108314.62376475272,0.0,0.0,0.0,0.0,155.7019292091837,0.0,300.0
20189.5,559.0330690200682,0.0,113653.5278144614,0.0,0.0,0.0,0.0,155.7019292091837,0.0,300.0
20249.5,449.0172473475776,0.0,116585.84920017149,0.0,0.0,0.0,0.0,155.7019292091837,0.0,300.0
20309.5,380.3543848829868,0.0,109030.63785855529,0.0,0.0,0.0,0.0,155.7019292091837,0.0,300.0
20369.5,311.62694476176404,0.0,94824.07285235268,0.0,0.0,0.0,0.0,155.7019292091837,0.0,300.0
20429.5,316.26184512368724,0.0,82073.97091454914,0.0,0.0,0.0,0.0,155.7019292091837,0.0,300.0
20489.5,296.13849448120084,0.0,66122.19476277192,0.0,0.0,0.0,0.0,155.7019292091837,0.0,300.0
20549.5,306.07534528323623,0.0,54029.54079150671,0.0,0.0,0.0,0.0,155.7019292091837,0.0,300.0
20609.5,330.09886400531394,0.0,48409.62080030046,0.0,0.0,0.0,0.0,155.7019292091837,0.0,300.0
20669.5,271.0391230661701,0.0,45487.756895745246,0.0,0.0,0.0,0.0,155.7019292091837,0.0,300.0
20729.5,381.71448225711634,0.0,46180.514514454575,0.0,0.0,0.0,0.0,155.7019292091837,0.0,300.0
20789.5,483.10126676354827,0.0,54615.23587031155,0.0,0.0,0.0,0.0,155.7019292091837,0.0,300.0
20849.5,449.8940433353188,0.0,64647.59951395856,0.0,0.0,0.0,0.0,155.7019292091837,0.0,300.0
20909.5,430.97064050250714,0.0,70938.85864394062,0.0,0.0,0.0,0.0,155.7019292091837,0.0,300.0
20969.5,377.72057820682386,0.0,78324.22471175474,0.0,0.0,0.0,0.0,155.7019292091837,0.0,300.0
21029.5,280.2186332968468,0.0,78722.01071088799,0.0,0.0,0.0,0.0,155.7019292091837,0.0,300.0
21089.5,280.4994173340965,0.0,68278.04220626735,0.0,0.0,0.0,0.0,155.7019292091837,0.0,300.0
21149.5,368.69599080471033,0.0,58901.956132991894,0.0,0.0,0.0,0.0,155.7019292091837,0.0,300.0
21209.5,385.3466194558431,0.0,56814.1737586451,0.0,0.0,0.0,0.0,155.7019292091837,0.0,300.0
21269.5,447.23159743340324,0.0,56214.88193087747,0.0,0.0,0.0,0.0,155.7019292091837,0.0,300.0
21329.5,500.2965427920079,0.0,65287.15755357736,0.0,0.0,0.0,0.0,155.7019292091837,0.0,300.0
21389.5,438.83873286865696,0.0,78132.4354388762,0.0,0.0,0.0,0.0,155.7019292091837,0.0,300.0
21449.5,407.50863171233607,0.0,83974.43314506538,0.0,0.0,0.0,0.0,155.7019292091837,0.0,300.0
21509.5,447.70356402970214,0.0,85818.5814745727,0.0,0.0,0.0,0.0,155.7019292091837,0.0,300.0
21569.5,471.40132168075996,0.0,88433.76179801552,0.0,0.0,0.0,0.0,155.7019292091837,0.0,300.0
21629.5,561.1930805237258,0.0,90437.1027134965,0.0,0.0,0.0,0.0,155.7019292091837,0.0,300.0
21689.5,602.775903582813,0.0,98205.30117462201,0.0,0.0,0.0,0.0,155.7019292091837,0.0,300.0
21749.5,521.8423777150304,0.0,106654.6329523549,0.0,0.0,0.0,0.0,155.7019292091837,0.0,300.0
21809.5,416.4513898619091,0.0,109442.60423388277,0.0,0.0,0.0,0.0,155.7019292091837,0.0,300.0
21869.5,395.48277337433115,0.0,106834.27719410222,0.0,0.0,0.0,0.0,155.7019292091837,0.0,300.0
21929.5,361.06690514246765,0.0,98593.85124741159,0.0,0.0,0.0,0.0,155.7019292091837,0.0,300.0
21989.5,444.0123144272828,0.0,86603.25758752214,0.0,0.0,0.0,0.0,155.7019292091837,0.0,300.0
22049.5,380.02597793370694,0.0,77406.94863315347,0.0,0.0,0.0,0.0,155.7019292091837,0.0,300.0
22109.5,337.4612668817619,0.0,70899.64832982255,0.0,0.0,0.0,0.0,155.7019292091837,0.0,300.0
22169.5,293.8327427247235,0.0,65792.93985526262,0.0,0.0,0.0,0.0,155.7019292091837,0.0,300.0
22229.5,229.58574113653216,0.0,57904.2388590883,0.0,0.0,0.0,0.0,155.7019292091837,0.0,300.0
22289.5,343.07788058388144,0.0,50845.45750585686,0.0,0.0,0.0,0.0,155.7019292091837,0.0,300.0
22349.5,361.28580393881236,0.0,47988.5265649759,0.0,0.0,0.0,0.0,155.7019292091837,0.0,300.0
22409.5,422.4443356536687,0.0,49163.11307496242,0.0,0.0,0.0,0.0,155.7019292091837,0.0,300.0
22469.5,398.9746396328304,0.0,54699.80616627502,0.0,0.0,0.0,0.0,155.7019292091837,0.0,300.0
22529.5,425.04049506599574,0.0,66252.7306422922,0.0,0.0,0.0,0.0,155.7019292091837,0.0,300.0
22589.5,449.59675156147847,0.0,73323.85741297381,0.0,0.0,0.0,0.0,155.7019292091837,0.0,300.0
22649.5,492.6882244283877,0.0,80929.9407271353,0.0,0.0,0.0,0.0,155.7019292091837,0.0,300.0
22709.5,484.61940576134054,0.0,87371.96298379413,0.0,0.0,0.0,0.0,155.7019292091837,0.0,300.0
22769.5,449.21020869575443,0.0,90612.22247998719,0.0,0.0,0.0,0.0,155.7019292091837,0.0,300.0
22829.5,486.00214287268415,0.0,92122.0395911151,0.0,0.0,0.0,0.0,155.7019292091837,0.0,300.0
22889.5,441.33904751079183,0.0,95088.90943801326,0.0,0.0,0.0,0.0,155.7019292091837,0.0,300.0
22949.5,393.65003026316487,0.0,91554.39037379347,0.0,0.0,0.0,0.0,155.7019292091837,0.0,300.0
23009.5,517.1566819360958,0.0,89890.4983173785,0.0,0.0,0.0,0.0,155.7019292091837,0.0,300.0
23069.5,568.1317254381546,0.0,94273.36686637315,0.0,0.0,0.0,0.0,155.7019292091837,0.0,300.0
23129.5,562.4074560566066,0.0,100710.70560805484,0.0,0.0,0.0,0.0,155.7019292091837,0.0,300.0
23189.5,565.1890040397742,0.0,106889.85743132095,0.0,0.0,0.0,0.0,155.7019292091837,0.0,300.0
23249.5,680.7137973276377,0.0,118748.1845319648,0.0,0.0,0.0,0.0,155.7019292091837,0.0,300.0
23309.5,757.850147734755,0.0,135051.3672507349,0.0,0.0,0.0,0.0,155.7019292091837,0.0,300.0
23369.5,727.425016740838,0.0,146207.50711663935,0.0,0.0,0.0,0.0,155.7019292091837,0.0,300.0
23429.5,669.3521961990302,0.0,154710.68149648086,0.0,0.0,0.0,0.0,155.7019292091837,0.0,300.0
23489.5,594.6472984594402,0.0,159212.63918538942,0.0,0.0,0.0,0.0,155.7019292091837,0.0,300.0
23549.5,380.31086471686166,0.0,151727.35740728982,0.0,0.0,0.0,0.0,155.7019292091837,0.0,300.0
23609.5,266.54546406637127,0.0,126247.76891950677,0.0,0.0,0.0,0.0,155.7019292091837,0.0,300.0
23669.5,315.54714492438563,0.0,99647.8579204358,0.0,0.0,0.0,0.0,155.7019292091837,0.0,300.0
23729.5,412.62987406139814,0.0,79111.66516083357,0.0,0.0,0.0,0.0,155.7019292091837,0.0,300.0
23789.5,409.5951148209293,0.0,65519.2847127189,0.0,0.0,0.0,0.0,155.7019292091837,0.0,300.0
23849.5,548.2108996222076,0.0,63476.35030011013,0.0,0.0,0.0,0.0,155.7019292091837,0.0,300.0
23909.5,591.1559438892475,0.0,81178.56131322126,0.0,0.0,0.0,0.0,155.7019292091837,0.0,300.0
23969.5,559.6499118046255,0.0,97710.77229193386,0.0,0.0,0.0,0.0,155.7019292091837,0.0,300.0
24029.5,546.3124709149422,0.0,108499.239165907,0.0,0.0,0.0,0.0,155.7019292091837,0.0,300.0
24089.5,554.9404275501391,0.0,117014.6907233503,0.0,0.0,0.0,0.0,155.7019292091837,0.0,300.0
24149.5,520.0356714114606,0.0,121955.79204395067,0.0,0.0,0.0,0.0,155.7019292091837,0.0,300.0
24209.5,560.9098948627798,0.0,118620.03598058427,0.0,0.0,0.0,0.0,155.7019292091837,0.0,300.0
24269.5,445.02778829831726,0.0,115583.77470616908,0.0,0.0,0.0,0.0,155.7019292091837,0.0,300.0
24329.5,415.3782565747823,0.0,108200.1746173021,0.0,0.0,0.0,0.0,155.7019292091837,0.0,300.0
24389.5,410.8141006081968,0.0,100020.90663666667,0.0,0.0,0.0,0.0,155.7019292091837,0.0,300.0
24449.5,440.87541290485154,0.0,92556.40322524813,0.0,0.0,0.0,0.0,155.7019292091837,0.0,300.0
24509.5,487.8958971990008,0.0,87372.09556644098,0.0,0.0,0.0,0.0,155.7019292091837,0.0,300.0
24569.5,458.1377867630461,0.0,85613.02086515413,0.0,0.0,0.0,0.0,155.7019292091837,0.0,300.0
24629.5,430.9059340215207,0.0,86509.0274645482,0.0,0.0,0.0,0.0,155.7019292091837,0.0,300.0
24689.5,355.3875432451345,0.0,85283.2293446226,0.0,0.0,0.0,0.0,155.7019292091837,0.0,300.0
24749.5,356.9856935054128,0.0,81681.89726049629,0.0,0.0,0.0,0.0,155.7019292091837,0.0,300.0
24809.5,346.24981445560405,0.0,74829.7676934404,0.0,0.0,0.0,0.0,155.7019292091837,0.0,300.0
24869.5,319.46908332079545,0.0,66540.51945943758,0.0,0.0,0.0,0.0,155.7019292091837,0.0,300.0
24929.5,198.5260353353848,182.29166666666666,55908.922540389445,2443.7313988095243,0.0,1.2975160767431972,0.0,136.23918805803572,19.46274115114796,300.0
24989.5,211.92067107767892,13.020833333333334,44887.826505392986,10550.985530931124,0.0,0.0,0.0,155.7019292091837,0.0,300.0
25049.5,265.91195896324166,0.0,37331.952206390444,10550.985530931124,0.0,0.0,0.0,155.7019292091837,0.0,300.0
25109.5,328.1654559770726,0.0,34131.761018537145,10550.985530931124,0.0,0.0,0.0,155.7019292091837,0.0,300.0
25169.5,374.41272036600424,0.0,35050.9268314671,10550.985530931124,0.0,0.0,0.0,155.7019292091837,0.0,300.0
25229.5,338.5743538460873,0.0,41010.8101457148,8288.248282711522,0.0,0.0,0.0,155.7019292091837,0.0,299.75
25289.5,283.12823077092406,0.0,46826.9909443975,13.020833333333334,0.0,0.0,0.0,155.7019292091837,0.0,300.0
25349.5,280.63122915925265,0.0,49341.863986935736,0.0,0.0,0.0,0.0,155.7019292091837,0.0,300.0
25409.5,310.2663643788982,0.0,49276.723745712516,0.0,0.0,0.0,0.0,155.7019292091837,0.0,300.0
25469.5,481.811173727172,0.0,51632.72659853697,0.0,0.0,0.0,0.0,155.7019292091837,0.0,300.0
25529.5,610.9823552343543,0.0,63060.56107978243,0.0,0.0,0.0,0.0,155.7019292091837,0.0,300.0
25589.5,615.3842262215326,0.0,81308.0766597462,0.0,0.0,0.0,0.0,155.7019292091837,0.0,300.0
25649.5,652.7876582753968,0.0,102831.71308696146,0.0,0.0,0.0,0.0,155.7019292091837,0.0,300.0
25709.5,523.433613964337,0.0,121592.40301410413,0.0,0.0,0.0,0.0,155.7019292091837,0.0,300.0
25769.5,490.08024007686464,0.0,127349.13595001315,0.0,0.0,0.0,0.0,155.7019292091837,0.0,300.0
25829.5,452.9235531032466,0.0,122197.40825952595,0.0,0.0,0.0,0.0,155.7019292091837,0.0,300.0
25889.5,444.9294839300538,0.0,112324.09873301747,0.0,0.0,0.0,0.0,155.7019292091837,0.0,300.0
25949.5,406.11863134294606,0.0,100045.82769013286,0.0,0.0,0.0,0.0,155.7019292091837,0.0,300.0
26009.5,325.60506199418995,0.0,86331.66239326341,0.0,0.0,0.0,0.0,155.7019292091837,0.0,300.0
26069.5,361.2666487278614,0.0,76290.68707207446,0.0,0.0,0.0,0.0,155.7019292091837,0.0,300.0
26129.5,439.64930148633573,0.0,72851.07833337628,0.0,0.0,0.0,0.0,155.7019292091837,0.0,300.0
26189.5,510.31740100774937,0.0,74366.08660133516,0.0,0.0,0.0,0.0,155.7019292091837,0.0,300.0
26249.5,614.9150819268874,0.0,82135.48445466821,0.0,0.0,0.0,0.0,155.7019292091837,0.0,300.0
26309.5,579.4440348390908,0.0,95924.74153179825,0.0,0.0,0.0,0.0,155.7019292091837,0.0,300.0
26369.5,620.0981463306026,0.0,112156.6773919936,0.0,0.0,0.0,0.0,155.7019292091837,0.0,300.0
26429.5,625.4993658869757,0.0,124905.47913435039,0.0,0.0,0.0,0.0,155.7019292091837,0.0,300.0
26489.5,554.2834843656096,0.0,132499.24508095003,0.0,0.0,0.0,0.0,155.7019292091837,0.0,300.0
26549.5,556.88530250741,0.0,131008.2627538739,0.0,0.0,0.0,0.0,155.7019292091837,0.0,300.0
26609.5,665.4037677592373,0.0,133182.2252654582,0.0,0.0,0.0,0.0,155.7019292091837,0.0,300.0
26669.5,509.7728132891807,0.0,133084.0525870748,0.0,0.0,0.0,0.0,155.7019292091837,0.0,300.0
26729.5,451.7350300781966,0.0,123163.98408048767,0.0,0.0,0.0,0.0,155.7019292091837,0.0,300.0
26789.5,442.4531032587826,0.0,114642.05588206348,0.0,0.0,0.0,0.0,155.7019292091837,0.0,300.0
26849.5,327.628008809941,0.0,106196.10249812201,0.0,0.0,0.0,0.0,155.7019292091837,0.0,300.0
26909.5,252.6271896883132,0.0,84108.86439695701,0.0,0.0,0.0,0.0,155.7019292091837,0.0,300.0
26969.5,264.13028709033216,0.0,64098.37956435959,0.0,0.0,0.0,0.0,155.7019292091837,0.0,300.0
27029.5,232.14640703597027,0.0,51207.76597261645,0.0,0.0,0.0,0.0,155.7019292091837,0.0,300.0
27089.5,272.453916231126,0.0,38446.66993950181,0.0,0.0,0.0,0.0,155.7019292091837,0.0,300.0
27149.5,279.1069768697186,0.0,31865.334925759016,0.0,0.0,0.0,0.0,155.7019292091837,0.0,300.0
27209.5,334.15409196337373,0.0,33904.052871713015,0.0,0.0,0.0,0.0,155.7019292091837,0.0,300.0
27269.5,323.4583712719057,0.0,38377.20657672652,0.0,0.0,0.0,0.0,155.7019292091837,0.0,300.0
27329.5,333.7904558059282,0.0,43448.34533887749,0.0,0.0,0.0,0.0,155.7019292091837,0.0,300.0
27389.5,346.61259918566964,0.0,48488.80325068611,0.0,0.0,0.0,0.0,155.7019292091837,0.0,300.0
27449.5,332.6213583174637,0.0,52482.0887253087,0.0,0.0,0.0,0.0,155.7019292091837,0.0,300.0
27509.5,386.73968750926076,0.0,54275.54203068337,0.0,0.0,0.0,0.0,155.7019292091837,0.0,300.0
27569.5,465.47259758201665,0.0,60976.20328419851,0.0,0.0,0.0,0.0,155.7019292091837,0.0,300.0
27629.5,492.8793733717036,0.0,68948.45318266805,0.0,0.0,0.0,0.0,155.7019292091837,0.0,300.0
27689.5,573.601598322121,0.0,82039.22068200563,0.0,0.0,0.0,0.0,155.7019292091837,0.0,300.0
27749.5,595.4735723100769,0.0,96248.73162678162,0.0,0.0,0.0,0.0,155.7019292091837,0.0,300.0
27809.5,490.9477719876242,0.0,109285.27720159494,0.0,0.0,0.0,0.0,155.7019292091837,0.0,300.0
27869.5,551.7938256763099,0.0,113101.51732397237,0.0,0.0,0.0,0.0,155.7019292091837,0.0,300.0
27929.5,558.3171303158296,0.0,119255.00357209661,0.0,0.0,0.0,0.0,155.7019292091837,0.0,300.0
27989.5,618.8994010699186,0.0,121786.92735026832,0.0,0.0,0.0,0.0,155.7019292091837,0.0,300.0
28049.5,598.2456250078152,0.0,122403.30951251507,0.0,0.0,0.0,0.0,155.7019292091837,0.0,300.0
28109.5,623.4949531821611,0.0,126575.7805678608,0.0,0.0,0.0,0.0,155.7019292091837,0.0,300.0
28169.5,501.65373504991726,0.0,130001.95966722938,0.0,0.0,0.0,0.0,155.7019292091837,0.0,300.0
28229.5,495.1039338121584,0.0,125731.25096980327,0.0,0.0,0.0,0.0,155.7019292091837,0.0,300.0
28289.5,496.7491227793509,0.0,119387.35469264403,0.0,0.0,0.0,0.0,155.7019292091837,0.0,300.0
28349.5,477.2789772874302,0.0,113286.99698005785,0.0,0.0,0.0,0.0,155.7019292091837,0.0,300.0
28409.5,517.1548646891456,0.0,105592.96698104666,0.0,0.0,0.0,0.0,155.7019292091837,0.0,300.0
28469.5,533.5310141602262,0.0,104174.46831951718,0.0,0.0,0.0,0.0,155.7019292091837,0.0,300.0
28529.5,454.7976188259333,0.0,103533.95130384102,0.0,0.0,0.0,0.0,155.7019292091837,0.0,300.0
28589.5,394.51317187644815,0.0,100371.23242397151,0.0,0.0,0.0,0.0,155.7019292091837,0.0,300.0
28649.5,360.477535286381,0.0,93102.21866454066,0.0,0.0,0.0,0.0,155.7019292091837,0.0,300.0
28709.5,269.3770582198839,0.0,81693.15261424713,0.0,0.0,0.0,0.0,155.7019292091837,0.0,300.0
28769.5,346.89325908440327,0.0,67290.31330293887,0.0,0.0,0.0,0.0,155.7019292091837,0.0,300.0
28829.5,427.9981222969773,0.0,61479.45494018123,0.0,0.0,0.0,0.0,155.7019292091837,0.0,300.0
28889.5,473.1838773237151,0.0,62874.09089078735,0.0,0.0,0.0,0.0,155.7019292091837,0.0,300.0
28949.5,649.7305226496176,0.0,74250.31962796269,0.0,0.0,0.0,0.0,155.7019292091837,0.0,300.0
29009.5,588.4867077424211,0.0,93226.6473381956,0.0,0.0,0.0,0.0,155.7019292091837,0.0,300.0
29069.5,657.1188491371288,0.0,112741.89672107367,0.0,0.0,0.0,0.0,155.7019292091837,0.0,300.0
29129.5,669.0188350669049,0.0,129268.50540164363,0.0,0.0,0.0,0.0,155.7019292091837,0.0,300.0
29189.5,678.3303426691134,0.0,143250.55553115005,0.0,0.0,0.0,0.0,155.7019292091837,0.0,300.0
29249.5,671.1964416156113,0.0,149333.65588974484,0.0,0.0,0.0,0.0,155.7019292091837,0.0,300.0
29309.5,646.3350646437763,0.0,151642.24351456523,0.0,0.0,0.0,0.0,155.7019292091837,0.0,300.0
29369.5,601.325858752028,0.0,150584.89240882266,0.0,0.0,0.0,0.0,155.7019292091837,0.0,300.0
29429.5,575.3512739180221,0.0,147799.19822766946,0.0,0.0,0.0,0.0,155.7019292091837,0.0,300.0
29489.5,447.51493162603896,0.0,136361.11139394037,0.0,0.0,0.0,0.0,155.7019292091837,0.0,300.0
29549.5,489.8007756573915,0.0,124934.00678783758,0.0,0.0,0.0,0.0,155.7019292091837,0.0,300.0
29609.5,465.54160721348273,0.0,113498.51535119394,0.0,0.0,0.0,0.0,155.7019292091837,0.0,300.0
29669.5,403.2936459366179,0.0,103628.86141118157,0.0,0.0,0.0,0.0,155.7019292091837,0.0,300.0
29729.5,414.2385420553325,0.0,91023.4076184164,0.0,0.0,0.0,0.0,155.7019292091837,0.0,300.0
29789.5,450.58541281421543,0.0,86969.8612961888,0.0,0.0,0.0,0.0,155.7019292091837,0.0,300.0
29849.5,491.29060597473875,0.0,86797.58209986534,0.0,0.0,0.0,0.0,155.7019292091837,0.0,300.0
29909.5,430.95611038584826,0.0,86209.51191617534,0.0,0.0,0.0,0.0,155.7019292091837,0.0,300.0
29969.5,468.8862955700252,0.0,86132.99663648102,0.0,0.0,0.0,0.0,155.7019292091837,0.0,300.0
30029.5,487.82326818367153,0.0,90542.12872468524,0.0,0.0,0.0,0.0,155.7019292091837,0.0,300.0
30089.5,438.447880211972,0.0,93102.1926155799,0.0,0.0,0.0,0.0,155.7019292091837,0.0,300.0
30149.5,433.9509026466391,0.0,90314.14566791567,0.0,0.0,0.0,0.0,155.7019292091837,0.0,300.0
30209.5,485.06468707098196,0.0,91217.1133875704,0.0,0.0,0.0,0.0,155.7019292091837,0.0,300.0
30269.5,462.54175596955923,0.0,93289.2239046861,0.0,0.0,0.0,0.0,155.7019292091837,0.0,300.0
30329.5,365.33599430896487,0.0,89190.23242933466,0.0,0.0,0.0,0.0,155.7019292091837,0.0,300.0
30389.5,466.4474459181804,0.0,84851.83212412302,0.0,0.0,0.0,0.0,155.7019292091837,0.0,300.0
30449.5,429.221562175098,0.0,86673.65525627216,0.0,0.0,0.0,0.0,155.7019292091837,0.0,300.0
30509.5,536.0742181630342,0.0,86313.63272042952,0.0,0.0,0.0,0.0,155.7019292091837,0.0,300.0
30569.5,661.2547727948125,0.0,93854.52585751409,0.0,0.0,0.0,0.0,155.7019292091837,0.0,300.0
30629.5,735.8359250086321,0.0,111865.75717408805,0.0,0.0,0.0,0.0,155.7019292091837,0.0,300.0
30689.5,725.4882995586265,0.0,130926.72339839351,0.0,0.0,0.0,0.0,155.7019292091837,0.0,300.0
30749.5,766.8633139079504,0.0,150030.12300673607,0.0,0.0,0.0,0.0,155.7019292091837,0.0,300.0
30809.5,603.5327557847014,0.0,163209.889527569,0.0,0.0,0.0,0.0,155.7019292091837,0.0,300.0
30869.5,491.92869922481066,0.0,159270.4230382114,0.0,0.0,0.0,0.0,155.7019292091837,0.0,300.0
30929.5,445.5884356173899,0.0,144922.06933904206,0.0,0.0,0.0,0.0,155.7019292091837,0.0,300.0
30989.5,425.22575492848244,0.0,127645.9386021786,0.0,0.0,0.0,0.0,155.7019292091837,0.0,300.0
31049.5,381.3819629692024,0.0,106096.06196835378,0.0,0.0,0.0,0.0,155.7019292091837,0.0,300.0
31109.5,399.3868619610635,0.0,87295.55478699302,0.0,0.0,0.0,0.0,155.7019292091837,0.0,300.0
31169.5,338.69820798527496,0.0,77336.46217531475,0.0,0.0,0.0,0.0,155.7019292091837,0.0,300.0
31229.5,310.36770307045856,0.0,68836.37584367782,0.0,0.0,0.0,0.0,155.7019292091837,0.0,300.0
31289.5,230.88168028831635,0.0,58482.91718732474,0.0,0.0,0.0,0.0,155.7019292091837,0.0,300.0
31349.5,242.34924159297407,0.0,48611.91327636805,0.0,0.0,0.0,0.0,155.7019292091837,0.0,300.0
31409.5,308.2633842927436,0.0,41643.76802803425,0.0,0.0,0.0,0.0,155.7019292091837,0.0,300.0
31469.5,349.0402571770046,0.0,39663.04615756996,0.0,0.0,0.0,0.0,155.7019292091837,0.0,300.0
31529.5,419.26658873469654,0.0,42358.34181862704,0.0,0.0,0.0,0.0,155.7019292091837,0.0,300.0
31589.5,432.0236024087853,0.0,53235.011512738856,0.0,0.0,0.0,0.0,155.7019292091837,0.0,300.0
31649.5,432.03474863791354,0.0,64233.74139794436,0.0,0.0,0.0,0.0,155.7019292091837,0.0,300.0
31709.5,364.99415864983035,0.0,72346.91322741738,0.0,0.0,0.0,0.0,155.7019292091837,0.0,300.0
31769.5,336.06074243272076,0.0,72225.1995024145,0.0,0.0,0.0,0.0,155.7019292091837,0.0,300.0
31829.5,279.4557470094652,0.0,68903.63572756604,0.0,0.0,0.0,0.0,155.7019292091837,0.0,300.0
31889.5,336.83302230508826,0.0,61152.19960477995,0.0,0.0,0.0,0.0,155.7019292091837,0.0,300.0
31949.5,337.28403988819093,0.0,55300.28237015658,0.0,0.0,0.0,0.0,155.7019292091837,0.0,300.0
32009.5,310.877512867047,0.0,51074.38727958514,0.0,0.0,0.0,0.0,155.7019292091837,0.0,300.0
32069.5,378.4208115629291,0.0,51164.13685092113,0.0,0.0,0.0,0.0,155.7019292091837,0.0,300.0
32129.5,427.5766717234984,0.0,56542.776411884595,0.0,0.0,0.0,0.0,155.7019292091837,0.0,300.0
32189.5,410.38779569123614,0.0,63263.63786395407,0.0,0.0,0.0,0.0,155.7019292091837,0.0,300.0
32249.5,414.1085380471398,0.0,67647.7517014909,0.0,0.0,0.0,0.0,155.7019292091837,0.0,300.0
32309.5,336.5109905688689,0.0,71652.61649845673,0.0,0.0,0.0,0.0,155.7019292091837,0.0,300.0
32369.5,282.1120452496624,0.0,68121.62722854914,0.0,0.0,0.0,0.0,155.7019292091837,0.0,300.0
32429.5,301.2169416978774,0.0,61217.54333594054,0.0,0.0,0.0,0.0,155.7019292091837,0.0,300.0
32489.5,334.92775315087437,0.0,55100.09680398838,0.0,0.0,0.0,0.0,155.7019292091837,0.0,300.0
32549.5,470.1755007328447,0.0,55118.872168217385,0.0,0.0,0.0,0.0,155.7019292091837,0.0,300.0
32609.5,520.1146502052213,0.0,61919.922394382935,0.0,0.0,0.0,0.0,155.7019292091837,0.0,300.0
32669.5,456.8471833435158,0.0,74234.76879501344,0.0,0.0,0.0,0.0,155.7019292091837,0.0,300.0
32729.5,450.2858387014361,0.0,83305.04668215942,0.0,0.0,0.0,0.0,155.7019292091837,0.0,300.0
32789.5,485.4156744751659,0.0,92848.310216712,0.0,0.0,0.0,0.0,155.7019292091837,0.0,300.0
32849.5,454.51788043849024,0.0,96238.06169652773,0.0,0.0,0.0,0.0,155.7019292091837,0.0,300.0
32909.5,472.82938483136024,0.0,94082.39040983476,0.0,0.0,0.0,0.0,155.7019292091837,0.0,300.0
32969.5,405.3473200402645,0.0,91055.88242010391,0.0,0.0,0.0,0.0,155.7019292091837,0.0,300.0
33029.5,379.56682933560455,0.0,87723.48844488706,0.0,0.0,0.0,0.0,155.7019292091837,0.0,300.0
33089.5,275.29549464348025,0.0,78549.1390963691,0.0,0.0,0.0,0.0,155.7019292091837,0.0,300.0
33149.5,346.48072877411056,0.0,69999.3184055435,0.0,0.0,0.0,0.0,155.7019292091837,0.0,300.0
33209.5,340.74653210833236,0.0,61976.959023954674,0.0,0.0,0.0,0.0,155.7019292091837,0.0,300.0
33269.5,325.0338363859162,0.0,56225.76410112418,0.0,0.0,0.0,0.0,155.7019292091837,0.0,300.0
33329.5,263.5844465254546,0.0,50093.089822480055,0.0,0.0,0.0,0.0,155.7019292091837,0.0,300.0
33389.5,191.86642031024743,0.0,44774.0473348034,0.0,0.0,0.0,0.0,155.7019292091837,0.0,300.0
33449.5,210.57258066485423,0.0,36695.252064901295,0.0,0.0,0.0,0.0,155.7019292091837,0.0,300.0
33509.5,282.7878694292314,0.0,31103.474586758624,0.0,0.0,0.0,0.0,155.7019292091837,0.0,300.0
33569.5,387.320584572674,0.0,30269.01567600686,0.0,0.0,0.0,0.0,155.7019292091837,0.0,300.0
33629.5,519.923032752512,0.0,41225.719050423046,0.0,0.0,0.0,0.0,155.7019292091837,0.0,300.0
33689.5,586.6407268768768,0.0,60200.473257036174,0.0,0.0,0.0,0.0,155.7019292091837,0.0,300.0
33749.5,517.9685831254645,0.0,83025.1773741749,0.0,0.0,0.0,0.0,155.7019292091837,0.0,300.0
33809.5,405.95549359006753,0.0,95594.16933148433,0.0,0.0,0.0,0.0,155.7019292091837,0.0,300.0
33869.5,325.22389910935004,0.0,98675.92269811603,0.0,0.0,0.0,0.0,155.7019292091837,0.0,300.0
33929.5,204.87799559369802,78.125,86153.1138510629,415.5518408535289,0.0,1.2975160767431972,0.0,147.9168327487245,7.785096460459183,300.0
33989.5,186.42697421634503,13.020833333333334,64505.43968474605,4910.772414434522,0.0,0.0,0.0,154.4044131324405,1.2975160767431972,300.0
34049.5,243.6265036429084,0.0,42972.76112745269,4923.793247767855,0.0,0.0,0.0,155.7019292091837,0.0,300.0
34109.5,267.53002804190425,0.0,32147.454115976623,4923.793247767855,0.0,0.0,0.0,155.7019292091837,0.0,300.0
34169.5,300.65036660732875,0.0,25272.458428492082,4923.793247767855,0.0,0.0,0.0,155.7019292091837,0.0,300.0
34229.5,353.28878383825935,0.0,29756.526506649087,4585.068890837585,0.0,0.0,0.0,155.7019292091837,0.0,299.8833333333333
34289.5,400.197760680107,0.0,40019.138555435886,26.041666666666668,0.0,0.0,0.0,155.7019292091837,0.0,300.0
34349.5,424.5636894813663,0.0,53497.96697403392,0.0,0.0,0.0,0.0,155.7019292091837,0.0,300.0
34409.5,578.298571055025,0.0,66807.76151377305,0.0,0.0,0.0,0.0,155.7019292091837,0.0,300.0
34469.5,634.7585837438935,0.0,88006.93874197846,0.0,0.0,0.0,0.0,155.7019292091837,0.0,300.0
34529.5,572.4167904297527,0.0,104276.76268649244,0.0,0.0,0.0,0.0,155.7019292091837,0.0,300.0
34589.5,517.720528426163,0.0,115383.35399513748,0.0,0.0,0.0,0.0,155.7019292091837,0.0,300.0
34649.5,458.8689703503318,0.0,118703.37884969047,0.0,0.0,0.0,0.0,155.7019292091837,0.0,300.0
34709.5,377.6678685567455,0.0,113437.5187918238,0.0,0.0,0.0,0.0,155.7019292091837,0.0,300.0
34769.5,358.2270427468593,0.0,98891.41382007494,0.0,0.0,0.0,0.0,155.7019292091837,0.0,300.0
34829.5,295.03045260761155,0.0,81920.33551701384,0.0,0.0,0.0,0.0,155.7019292091837,0.0,300.0
34889.5,342.03697608879145,0.0,67534.40138564636,0.0,0.0,0.0,0.0,155.7019292091837,0.0,300.0
34949.5,422.755618332311,0.0,61859.536759062656,0.0,0.0,0.0,0.0,155.7019292091837,0.0,300.0
35009.5,492.08248914309644,0.0,64781.386539949606,0.0,0.0,0.0,0.0,155.7019292091837,0.0,300.0
35069.5,635.1600851580466,0.0,75986.77632431741,0.0,0.0,0.0,0.0,155.7019292091837,0.0,300.0
35129.5,764.3365945056311,0.0,99101.30845934003,0.0,0.0,0.0,0.0,155.7019292091837,0.0,300.0
35189.5,688.0855411044762,0.0,124090.6480155187,0.0,0.0,0.0,0.0,155.7019292091837,0.0,300.0
35249.5,661.0886380796027,0.0,141923.04025292583,0.0,0.0,0.0,0.0,155.7019292091837,0.0,300.0
35309.5,567.4127569392333,0.0,150792.07848603374,0.0,0.0,0.0,0.0,155.7019292091837,0.0,300.0
35369.5,486.85899748370315,0.0,148343.69043647253,0.0,0.0,0.0,0.0,155.7019292091837,0.0,300.0
35429.5,443.4468541152419,0.0,134376.9922655793,0.0,0.0,0.0,0.0,155.7019292091837,0.0,300.0
35489.5,378.98153674159505,0.0,115660.44548722148,0.0,0.0,0.0,0.0,155.7019292091837,0.0,300.0
35549.5,377.6497603474845,0.0,96262.69461817187,0.0,0.0,0.0,0.0,155.7019292091837,0.0,300.0
35609.5,356.5719783652431,0.0,82116.50732239152,0.0,0.0,0.0,0.0,155.7019292091837,0.0,300.0
35669.5,367.18962455548865,0.0,72839.71584474239,0.0,0.0,0.0,0.0,155.7019292091837,0.0,300.0
35729.5,343.60370438687085,0.0,66468.9178287906,0.0,0.0,0.0,0.0,155.7019292091837,0.0,300.0
35789.5,359.6856493199797,0.0,61019.6666540331,0.0,0.0,0.0,0.0,155.7019292091837,0.0,300.0
35849.5,430.3173100051244,0.0,63469.062829967595,0.0,0.0,0.0,0.0,155.7019292091837,0.0,300.0
35909.5,418.01097675830556,0.0,67005.84347337943,0.0,0.0,0.0,0.0,155.7019292091837,0.0,300.0
35969.5,428.38234029168234,0.0,70526.91206127945,0.0,0.0,0.0,0.0,155.7019292091837,0.0,300.0
36029.5,389.49402408178474,0.0,72940.58798639358,0.0,0.0,0.0,0.0,155.7019292091837,0.0,300.0
36089.5,331.0500954301316,0.0,74947.78319263864,0.0,0.0,0.0,0.0,155.7019292091837,0.0,300.0
36149.5,350.0864128246666,0.0,71057.19196275019,0.0,0.0,0.0,0.0,155.7019292091837,0.0,300.0
36209.5,333.66383220985824,0.0,66362.71157842809,0.0,0.0,0.0,0.0,155.7019292091837,0.0,300.0
36269.5,344.9606365668793,0.0,60938.89581689631,0.0,0.0,0.0,0.0,155.7019292091837,0.0,300.0
36329.5,435.711144507818,0.0,59078.81593137541,0.0,0.0,0.0,0.0,155.7019292091837,0.0,300.0
36389.5,580.2462011533391,0.0,68610.59966738947,0.0,0.0,0.0,0.0,155.7019292091837,0.0,300.0
36449.5,579.6323115530889,0.0,82713.9331683642,0.0,0.0,0.0,0.0,155.7019292091837,0.0,300.0
36509.5,607.3219020774646,0.0,97666.43223352851,0.0,0.0,0.0,0.0,155.7019292091837,0.0,300.0
36569.5,612.1796263032933,0.0,115376.52979526986,0.0,0.0,0.0,0.0,155.7019292091837,0.0,300.0
36629.5,440.1620526113818,0.0,123568.35363407801,0.0,0.0,0.0,0.0,155.7019292091837,0.0,300.0
36689.5,364.1322926021446,0.0,116275.59989810591,0.0,0.0,0.0,0.0,155.7019292091837,0.0,300.0
36749.5,423.61034629858693,0.0,105411.03666988164,0.0,0.0,0.0,0.0,155.7019292091837,0.0,300.0
36809.5,509.17254234276163,0.0,98094.39043703736,0.0,0.0,0.0,0.0,155.7019292091837,0.0,300.0
36869.5,451.71246096850456,0.0,89067.61532098916,0.0,0.0,0.0,0.0,155.7019292091837,0.0,300.0
36929.5,512.7957935265965,0.0,86473.32810719953,0.0,0.0,0.0,0.0,155.7019292091837,0.0,300.0
36989.5,504.75471110695094,0.0,94397.65016282919,0.0,0.0,0.0,0.0,155.7019292091837,0.0,300.0
37049.5,353.3880131284355,0.0,96259.85712402017,0.0,0.0,0.0,0.0,155.7019292091837,0.0,300.0
37109.5,407.73628459824954,0.0,89537.84092568206,0.0,0.0,0.0,0.0,155.7019292091837,0.0,300.0
37169.5,458.99851337567867,0.0,87633.17551778202,0.0,0.0,0.0,0.0,155.7019292091837,0.0,300.0
37229.5,370.9224158028635,0.0,83810.53367767295,0.0,0.0,0.0,0.0,155.7019292091837,0.0,300.0
37289.5,437.12708288170217,0.0,76580.14815775995,0.0,0.0,0.0,0.0,155.7019292091837,0.0,300.0
37349.5,413.4642455102864,0.0,77137.79263637993,0.0,0.0,0.0,0.0,155.7019292091837,0.0,300.0
37409.5,393.5399258742416,0.0,79509.54726596546,0.0,0.0,0.0,0.0,155.7019292091837,0.0,300.0
37469.5,468.49455464931236,0.0,77393.2062909462,0.0,0.0,0.0,0.0,155.7019292091837,0.0,300.0
37529.5,569.9518505359902,0.0,84680.8464665391,0.0,0.0,0.0,0.0,155.7019292091837,0.0,300.0
37589.5,596.4074576610317,0.0,94984.10357752287,0.0,0.0,0.0,0.0,155.7019292091837,0.0,300.0
37649.5,710.622519757571,0.0,108342.65607800972,0.0,0.0,0.0,0.0,155.7019292091837,0.0,300.0
37709.5,661.1254723723983,0.0,126066.96210880249,0.0,0.0,0.0,0.0,155.7019292091837,0.0,300.0
37769.5,552.4088351746357,0.0,136956.6038318659,0.0,0.0,0.0,0.0,155.7019292091837,0.0,300.0
37829.5,524.3868988462907,0.0,137222.61005220455,0.0,0.0,0.0,0.0,155.7019292091837,0.0,300.0
37889.5,577.7060609040316,0.0,136576.03171910322,0.0,0.0,0.0,0.0,155.7019292091837,0.0,300.0
37949.5,535.8210161776155,0.0,130702.26051661478,0.0,0.0,0.0,0.0,155.7019292091837,0.0,300.0
38009.5,555.6303302960126,0.0,121225.15648888567,0.0,0.0,0.0,0.0,155.7019292091837,0.0,300.0
38069.5,546.634427239008,0.0,119640.64154233153,0.0,0.0,0.0,0.0,155.7019292091837,0.0,300.0
38129.5,411.84629674072096,0.0,116157.49984547129,0.0,0.0,0.0,0.0,155.7019292091837,0.0,300.0
38189.5,305.6766802006951,0.0,102687.33386128435,0.0,0.0,0.0,0.0,155.7019292091837,0.0,300.0
38249.5,299.74732402877277,0.0,87579.18958345173,0.0,0.0,0.0,0.0,155.7019292091837,0.0,300.0
38309.5,236.53174725331857,0.0,71455.77125243329,0.0,0.0,0.0,0.0,155.7019292091837,0.0,300.0
38369.5,226.3041166272508,0.0,50795.33322850567,0.0,0.0,0.0,0.0,155.7019292091837,0.0,300.0
38429.5,236.24540746738518,0.0,35801.800577429654,0.0,0.0,0.0,0.0,155.7019292091837,0.0,300.0
38489.5,228.3381157715138,0.0,29291.933720610683,0.0,0.0,0.0,0.0,155.7019292091837,0.0,300.0
38549.5,319.2997217430708,0.0,27069.400223775745,0.0,0.0,0.0,0.0,155.7019292091837,0.0,300.0
38609.5,378.8921512995708,0.0,32131.020110560472,0.0,0.0,0.0,0.0,155.7019292091837,0.0,300.0
38669.5,333.5326251799488,0.0,40522.64070911039,0.0,0.0,0.0,0.0,155.7019292091837,0.0,300.0
38729.5,403.4917117578241,0.0,48243.51519335249,0.0,0.0,0.0,0.0,155.7019292091837,0.0,300.0
38789.5,396.21652271010925,0.0,59150.81907320406,0.0,0.0,0.0,0.0,155.7019292091837,0.0,300.0
38849.5,314.02881985836126,0.0,63312.936551823426,0.0,0.0,0.0,0.0,155.7019292091837,0.0,300.0
38909.5,356.0480096134242,0.0,61732.03903049917,0.0,0.0,0.0,0.0,155.7019292091837,0.0,300.0
38969.5,428.6432387987239,0.0,64660.17893240683,0.0,0.0,0.0,0.0,155.7019292091837,0.0,300.0
39029.5,440.0280842205765,0.0,68313.12277756371,0.0,0.0,0.0,0.0,155.7019292091837,0.0,300.0
39089.5,477.9774566686974,0.0,71184.71120925936,0.0,0.0,0.0,0.0,155.7019292091837,0.0,300.0
39149.5,474.2294283529905,0.0,79636.21608213526,0.0,0.0,0.0,0.0,155.7019292091837,0.0,300.0
39209.5,487.1374199241306,0.0,89386.17449008206,0.0,0.0,0.0,0.0,155.7019292091837,0.0,300.0
39269.5,439.02259326187647,0.0,92088.64059887607,0.0,0.0,0.0,0.0,155.7019292091837,0.0,300.0
39329.5,448.50055620776743,0.0,92942.28872543162,0.0,0.0,0.0,0.0,155.7019292091837,0.0,300.0
39389.5,470.25468260021074,0.0,93105.35286911274,0.0,0.0,0.0,0.0,155.7019292091837,0.0,300.0
39449.5,444.89411525186404,0.0,92475.64563162105,0.0,0.0,0.0,0.0,155.7019292091837,0.0,300.0
39509.5,466.5760882642589,0.0,89005.89783136627,0.0,0.0,0.0,0.0,155.7019292091837,0.0,300.0
39569.5,473.33356409172586,0.0,90203.68857304331,0.0,0.0,0.0,0.0,155.7019292091837,0.0,300.0
39629.5,431.09359840956665,0.0,91889.01116216606,0.0,0.0,0.0,0.0,155.7019292091837,0.0,300.0
39689.5,393.7038775977101,0.0,88797.74159105119,0.0,0.0,0.0,0.0,155.7019292091837,0.0,300.0
39749.5,408.87280067386087,0.0,85472.40390740048,0.0,0.0,0.0,0.0,155.7019292091837,0.0,300.0
39809.5,298.37262604306125,0.0,79780.39003883602,0.0,0.0,0.0,0.0,155.7019292091837,0.0,300.0
39869.5,345.8047006695355,0.0,70332.17653980352,0.0,0.0,0.0,0.0,155.7019292091837,0.0,300.0
39929.5,317.09161563694965,0.0,63225.89256940922,0.0,0.0,0.0,0.0,155.7019292091837,0.0,300.0
39989.5,248.50065364048984,0.0,54913.30412798089,0.0,0.0,0.0,0.0,155.7019292091837,0.0,300.0
40049.5,234.52769222206493,0.0,44212.05834950859,0.0,0.0,0.0,0.0,155.7019292091837,0.0,300.0
40109.5,197.02574427843075,0.0,37202.78566075725,0.0,0.0,0.0,0.0,155.7019292091837,0.0,300.0
40169.5,175.84512822985798,0.0,28941.310640587217,0.0,0.0,0.0,0.0,155.7019292091837,0.0,300.0
40229.5,207.802778512065,0.0,19423.98090445442,0.0,0.0,0.0,0.0,155.7019292091837,0.0,300.0
40289.5,269.9883486424285,0.0,17212.01412844049,0.0,0.0,0.0,0.0,155.7019292091837,0.0,300.0
40349.5,366.08165843669553,0.0,22017.008533885593,0.0,0.0,0.0,0.0,155.7019292091837,0.0,300.0
40409.5,488.09697477097035,0.0,34987.20156295104,0.0,0.0,0.0,0.0,155.7019292091837,0.0,300.0
40469.5,578.045707251545,0.0,56199.67941167862,0.0,0.0,0.0,0.0,155.7019292091837,0.0,300.0
40529.5,591.3328124669536,0.0,79846.02836277189,0.0,0.0,0.0,0.0,155.7019292091837,0.0,300.0
40589.5,679.3314781961916,0.0,103247.20160278681,0.0,0.0,0.0,0.0,155.7019292091837,0.0,300.0
40649.5,589.3908621450154,0.0,123123.34638710752,0.0,0.0,0.0,0.0,155.7019292091837,0.0,300.0
40709.5,561.9223366730772,0.0,131424.56033216455,0.0,0.0,0.0,0.0,155.7019292091837,0.0,300.0
40769.5,582.3905639568101,0.0,134120.39586200842,0.0,0.0,0.0,0.0,155.7019292091837,0.0,300.0
40829.5,479.23989391372396,0.0,130864.40483089164,0.0,0.0,0.0,0.0,155.7019292091837,0.0,300.0
40889.5,485.805142774922,0.0,121950.69293601454,0.0,0.0,0.0,0.0,155.7019292091837,0.0,300.0
40949.5,454.85746245835196,0.0,112285.40719855877,0.0,0.0,0.0,0.0,155.7019292091837,0.0,300.0
41009.5,329.4622405747553,0.0,101177.74915846945,0.0,0.0,0.0,0.0,155.7019292091837,0.0,300.0
41069.5,351.6263675921934,0.0,85651.75086572579,0.0,0.0,0.0,0.0,155.7019292091837,0.0,300.0
41129.5,385.0498692838171,0.0,76775.73853330314,0.0,0.0,0.0,0.0,155.7019292091837,0.0,300.0
41189.5,409.0477902012186,0.0,71527.9916216758,0.0,0.0,0.0,0.0,155.7019292091837,0.0,300.0
41249.5,440.0442442628802,0.0,68000.17830699655,0.0,0.0,0.0,0.0,155.7019292091837,0.0,300.0
41309.5,407.0618755730075,0.0,70194.44971887738,0.0,0.0,0.0,0.0,155.7019292091837,0.0,300.0
41369.5,285.82248073577426,0.0,71899.31988513333,0.0,0.0,0.0,0.0,155.7019292091837,0.0,300.0
41429.5,200.31805704784364,0.0,63418.08903024018,0.0,0.0,0.0,0.0,155.7019292091837,0.0,300.0
41489.5,219.58911482574902,0.0,53108.68224026318,0.0,0.0,0.0,0.0,155.7019292091837,0.0,300.0
41549.5,288.12024572621124,0.0,42028.29180033989,0.0,0.0,0.0,0.0,155.7019292091837,0.0,300.0
41609.5,350.1377463926044,0.0,35142.8742574309,0.0,0.0,0.0,0.0,155.7019292091837,0.0,300.0
41669.5,433.29846571677666,0.0,38170.18098853188,0.0,0.0,0.0,0.0,155.7019292091837,0.0,300.0
41729.5,474.3888371717229,0.0,51119.103313891996,0.0,0.0,0.0,0.0,155.7019292091837,0.0,300.0
41789.5,428.3649010847779,0.0,65789.62314470815,0.0,0.0,0.0,0.0,155.7019292091837,0.0,300.0
41849.5,408.15806112737175,0.0,76111.92192224202,0.0,0.0,0.0,0.0,155.7019292091837,0.0,300.0
41909.5,331.3080288061761,0.0,78999.95146629294,0.0,0.0,0.0,0.0,155.7019292091837,0.0,300.0
41969.5,326.0118522407003,0.0,75445.2311843633,0.0,0.0,0.0,0.0,155.7019292091837,0.0,300.0
42029.5,275.6756629054839,0.0,65218.21237391448,0.0,0.0,0.0,0.0,155.7019292091837,0.0,300.0
42089.5,281.27677219752303,0.0,54605.020120794914,0.0,0.0,0.0,0.0,155.7019292091837,0.0,300.0
42149.5,470.0226873510898,0.0,51724.405247864786,0.0,0.0,0.0,0.0,155.7019292091837,0.0,300.0
42209.5,589.6421680589611,0.0,62065.0121909938,0.0,0.0,0.0,0.0,155.7019292091837,0.0,300.0
42269.5,669.2129565559935,0.0,79472.69150569665,0.0,0.0,0.0,0.0,155.7019292091837,0.0,300.0
42329.5,682.9504392723061,0.0,103389.51140232483,0.0,0.0,0.0,0.0,155.7019292091837,0.0,300.0
42389.5,720.7757771250001,0.0,128306.41414120646,0.0,0.0,0.0,0.0,155.7019292091837,0.0,300.0
42449.5,610.3652617823038,0.0,147154.0329300792,0.0,0.0,0.0,0.0,155.7019292091837,0.0,300.0
42509.5,505.44570495426314,0.0,147933.40634385348,0.0,0.0,0.0,0.0,155.7019292091837,0.0,300.0
42569.5,409.78361722756387,0.0,137521.9913084135,0.0,0.0,0.0,0.0,155.7019292091837,0.0,300.0
42629.5,404.85252809433274,0.0,121405.47830690136,0.0,0.0,0.0,0.0,155.7019292091837,0.0,300.0
42689.5,423.4524760797794,0.0,103754.9780088837,0.0,0.0,0.0,0.0,155.7019292091837,0.0,300.0
42749.5,510.38346138918655,0.0,91105.98473593833,0.0,0.0,0.0,0.0,155.7019292091837,0.0,300.0
42809.5,543.5459900188697,0.0,90491.23495507202,0.0,0.0,0.0,0.0,155.7019292091837,0.0,300.0
42869.5,519.4877713730979,0.0,94447.84011674103,0.0,0.0,0.0,0.0,155.7019292091837,0.0,300.0
42929.5,548.9827666899529,0.0,102611.98528715034,0.0,0.0,0.0,0.0,155.7019292091837,0.0,300.0
42989.5,378.4871002067533,0.0,106206.34819614809,0.0,0.0,0.0,0.0,155.7019292091837,0.0,300.0
43049.5,263.0077236644465,0.0,96517.63450919137,0.0,0.0,0.0,0.0,155.7019292091837,0.0,300.0
43109.5,222.94710466738198,0.0,79037.75979363997,0.0,0.0,0.0,0.0,155.7019292091837,0.0,300.0
