t,qkd,mfg,bankQ,bankP,xq,xp,y,servedQ,servedP,ageQ,ageMean,ageOldest
0,0.0,0.0,0,0,0.0,0.0,0.0,0.0,0.0,0.0,0.0,0.0
120,0.0,0.0,0,18713.814871651786,0.0,0.0,0.0,0.0,0.0,0.0,0.0,0.0
240,0.0,0.0,0,29348.287756991947,0.0,77.33433431166408,7.105427357601002e-15,0.0,18.946110858220198,0.0,0.0,0.0
360,0.0,0.0,0,31440.454599808672,0.0,23.35528938137756,7.105427357601002e-15,0.0,0.0,0.0,0.0,0.0
480,0.0,0.0,0,32370.327413643823,0.0,7.105427357601002e-15,7.105427357601002e-15,0.0,0.0,0.0,0.0,0.0
600,0.0,0.0,0,34616.77395567602,0.0,7.105427357601002e-15,7.105427357601002e-15,0.0,0.0,0.0,0.0,0.0
720,0.0,0.0,0,17361.512476084183,0.0,7.105427357601002e-15,7.105427357601002e-15,0.0,0.0,0.0,0.0,0.0
840,0.0,0.0,0,4547.3682637117345,0.0,7.105427357601002e-15,7.105427357601002e-15,0.0,0.0,0.0,0.0,0.0
960,0.0,0.0,0,22245.2280472736,0.0,1.4210854715202004e-14,1.4210854715202004e-14,0.0,0.0,0.0,0.0,0.0
1080,0.0,0.0,0,45084.863779496176,0.0,23.355289381377567,1.4210854715202004e-14,0.0,0.0,0.0,0.0,0.0
1200,0.0,0.0,0,52408.054896763395,0.0,1.4210854715202004e-14,1.4210854715202004e-14,0.0,0.0,0.0,0.0,0.0
1320,0.0,0.0,0,38289.47106186224,0.0,1.4210854715202004e-14,1.4210854715202004e-14,0.0,0.0,0.0,0.0,0.0
1440,0.0,0.0,0,25219.57086057079,0.0,1.4210854715202004e-14,1.4210854715202004e-14,0.0,0.0,0.0,0.0,0.0
1560,0.0,0.0,0,35047.694614955355,0.0,1.4210854715202004e-14,1.4210854715202004e-14,0.0,0.0,0.0,0.0,0.0
1680,0.0,0.0,0,26139.800402582907,0.0,1.4210854715202004e-14,1.4210854715202004e-14,0.0,0.0,0.0,0.0,0.0
1800,0.0,0.0,0,8662.663673867984,0.0,1.4210854715202004e-14,1.4210854715202004e-14,0.0,0.0,0.0,0.0,0.0
1920,0.0,0.0,0,0,0.0,1.4210854715202004e-14,1.4210854715202004e-14,0.0,0.0,0.0,0.0,0.0
2040,0.0,0.0,0,0,0.0,1.4210854715202004e-14,1.4210854715202004e-14,0.0,0.0,0.0,0.0,0.0
2160,0.0,0.0,0,7951.479542012117,0.0,1.4210854715202004e-14,1.4210854715202004e-14,0.0,0.0,0.0,0.0,0.0
2280,0.0,0.0,0,10061.676648198341,0.0,1.4210854715202004e-14,1.4210854715202004e-14,0.0,0.0,0.0,0.0,0.0
2400,0.0,781.25,0,10178.45309510523,0.0,1.4210854715202004e-14,1.4210854715202004e-14,0.0,58.38822345344388,0.0,0.0,0.0
2520,0.0,0.0,0,22303.61627072704,0.0,0.0,0.0,0.0,0.0,0.0,0.0,0.0
2640,0.0,781.25,0,41844.239526865436,0.0,0.0,0.0,0.0,0.0,0.0,0.0,0.0
2760,0.0,0.0,0,39081.24651227678,0.0,0.0,0.0,0.0,0.0,0.0,0.0,0.0
2880,0.0,0.0,0,28052.629743303572,0.0,0.0,0.0,0.0,0.0,0.0,0.0,0.0
3000,0.0,0.0,0,15915.78892299107,0.0,0.0,0.0,0.0,0.0,0.0,0.0,0.0
3120,0.0,0.0,0,12884.210080516581,0.0,0.0,0.0,0.0,0.0,0.0,0.0,0.0
3240,0.0,0.0,0,19541.77545041454,0.0,0.0,0.0,0.0,0.0,0.0,0.0,0.0
3360,0.0,0.0,0,30465.293417171557,0.0,0.0,0.0,0.0,0.0,0.0,0.0,0.0
3480,0.0,0.0,0,37390.29242067921,0.0,0.0,0.0,0.0,0.0,0.0,0.0,0.0
3600,0.0,0.0,0,33321.70758928572,0.0,58.38822345344388,0.0,0.0,0.0,0.0,0.0,0.0
3720,0.0,0.0,0,35106.0828384088,0.0,0.0,0.0,0.0,0.0,0.0,0.0,0.0
3840,0.0,0.0,0,38124.83184191646,0.0,81.74351283482143,0.0,0.0,0.0,0.0,0.0,0.0
3960,0.0,0.0,0,45866.113779496176,0.0,23.355289381377553,0.0,0.0,0.0,0.0,0.0,0.0
4080,0.0,0.0,0,51660.68563655931,0.0,58.38822345344388,0.0,0.0,0.0,0.0,0.0,0.0
4200,0.0,0.0,0,49900.81787109375,0.0,0.0,0.0,0.0,0.0,0.0,0.0,0.0
4320,0.0,781.25,0,46036.01572464924,0.0,0.0,0.0,0.0,0.0,0.0,0.0,0.0
4440,0.0,0.0,0,45675.16093351403,0.0,0.0,0.0,0.0,0.0,0.0,0.0,0.0
4560,0.0,0.0,0,68173.18663305165,0.0,23.355289381377553,0.0,0.0,0.0,0.0,0.0,0.0
4680,0.0,781.25,0,63450.65369897959,0.0,0.0,0.0,0.0,0.0,0.0,0.0,0.0
4800,0.0,0.0,0,52325.159189652426,0.0,0.0,0.0,0.0,58.38822345344388,0.0,0.0,0.0
4920,0.0,0.0,0,42518.08633609694,0.0,0.0,0.0,0.0,58.38822345344388,0.0,0.0,0.0
5040,0.0,0.0,0,45840.4541015625,0.0,58.38822345344388,0.0,0.0,0.0,0.0,0.0,0.0
5160,0.0,0.0,0,40816.60679408482,0.0,58.38822345344388,0.0,0.0,0.0,0.0,0.0,0.0
5280,0.0,0.0,0,42567.10130341199,0.0,23.355289381377553,0.0,0.0,0.0,0.0,0.0,0.0
5400,0.0,0.0,0,51940.94910913584,0.0,58.38822345344388,0.0,0.0,0.0,0.0,0.0,0.0
5520,0.0,0.0,0,55555.257991868624,0.0,0.0,0.0,0.0,0.0,0.0,0.0,0.0
5640,0.0,0.0,0,37052.792918925385,0.0,0.0,0.0,0.0,0.0,0.0,0.0,0.0
5760,0.0,781.25,0,26944.405691964286,0.0,0.0,0.0,0.0,23.355289381377553,0.0,0.0,0.0
5880,0.0,781.25,0,42312.497508769135,0.0,0.0,0.0,0.0,23.355289381377553,0.0,0.0,0.0
6000,0.0,0.0,0,80417.43064413265,0.0,0.0,0.0,0.0,0.0,0.0,0.0,0.0
6120,0.0,0.0,0,76604.60180165817,0.0,0.0,0.0,0.0,0.0,0.0,0.0,0.0
6240,0.0,0.0,0,63147.034937021686,0.0,0.0,0.0,0.0,0.0,0.0,0.0,0.0
6360,0.0,0.0,0,58855.42266222896,0.0,0.0,0.0,0.0,0.0,0.0,0.0,0.0
6480,0.0,0.0,0,61609.04242067921,0.0,23.355289381377553,0.0,0.0,0.0,0.0,0.0,0.0
6600,0.0,0.0,0,60538.15569196428,0.0,0.0,0.0,0.0,0.0,0.0,0.0,0.0
6720,0.0,0.0,0,44715.78792649872,0.0,0.0,0.0,0.0,0.0,0.0,0.0,0.0
6840,0.0,0.0,0,13642.104791135203,0.0,0.0,0.0,0.0,0.0,0.0,0.0,0.0
6960,0.0,0.0,0,757.8947106186224,0.0,0.0,0.0,0.0,0.0,0.0,0.0,0.0
7080,0.0,0.0,0,0,0.0,0.0,0.0,0.0,0.0,0.0,0.0,0.0
7200,0.0,0.0,0,0,0.0,0.0,0.0,0.0,0.0,0.0,0.0,0.0
7320,0.0,-0.0,0,10936.347805723852,0.0,0.0,0.0,0.0,23.355289381377553,0.0,0.0,0.0
7440,0.0,0.0,0,32668.91168088329,0.0,23.355289381377553,0.0,0.0,0.0,0.0,0.0,0.0
7560,0.0,781.25,0,59369.23902861926,0.0,0.0,0.0,0.0,23.355289381377553,0.0,0.0,0.0
7680,0.0,0.0,0,42895.227549027426,0.0,0.0,0.0,0.0,0.0,0.0,0.0,0.0
7800,0.0,0.0,0,17081.24900350765,0.0,0.0,0.0,0.0,0.0,0.0,0.0,0.0
7920,0.0,0.0,0,0,0.0,0.0,0.0,0.0,0.0,0.0,0.0,0.0
8040,0.0,0.0,0,2891.4471061862246,0.0,0.0,0.0,0.0,0.0,0.0,0.0,0.0
8160,0.0,0.0,0,11530.755490672831,0.0,0.0,0.0,0.0,0.0,0.0,0.0,0.0
8280,0.0,0.0,0,15145.064373405612,0.0,0.0,0.0,0.0,0.0,0.0,0.0,0.0
8400,0.0,0.0,0,11530.755490672831,0.0,0.0,0.0,0.0,0.0,0.0,0.0,0.0
8520,0.0,0.0,0,5852.960080516582,0.0,0.0,0.0,0.0,0.0,0.0,0.0,0.0
8640,0.0,0.0,0,16019.735530931122,0.0,0.0,0.0,0.0,0.0,0.0,0.0,0.0
8760,0.0,0.0,0,13699.3408203125,0.0,0.0,0.0,0.0,0.0,0.0,0.0,0.0
8880,0.0,0.0,0,2891.4471061862246,0.0,0.0,0.0,0.0,0.0,0.0,0.0,0.0
9000,0.0,0.0,0,19039.636728714922,0.0,2.4565136774766856,0.0,0.0,0.0,0.0,0.0,0.0
9120,0.0,781.25,0,38480.423907844386,0.0,1.4210854715202004e-14,1.4210854715202004e-14,0.0,0.0,0.0,0.0,0.0
9240,0.0,0.0,0,45326.10834530752,0.0,1.4210854715202004e-14,1.4210854715202004e-14,0.0,0.0,0.0,0.0,0.0
9360,0.0,0.0,0,24245.06362603635,0.0,1.4210854715202004e-14,1.4210854715202004e-14,0.0,0.0,0.0,0.0,0.0
9480,0.0,0.0,0,10079.769212372448,0.0,1.4210854715202004e-14,1.4210854715202004e-14,0.0,0.0,0.0,0.0,0.0
9600,0.0,0.0,0,10931.085080516581,0.0,23.355289381377567,1.4210854715202004e-14,0.0,0.0,0.0,0.0,0.0
9720,0.0,781.25,0,37304.43837691326,0.0,1.4210854715202004e-14,1.4210854715202004e-14,0.0,0.0,0.0,0.0,0.0
9840,0.0,0.0,0,53656.41068439094,0.0,1.4210854715202004e-14,1.4210854715202004e-14,0.0,0.0,0.0,0.0,0.0
9960,0.0,0.0,0,49408.77034359106,0.0,1.4210854715202004e-14,1.4210854715202004e-14,0.0,0.0,0.0,0.0,0.0
10080,0.0,0.0,0,33999.010981345666,0.0,1.4210854715202004e-14,1.4210854715202004e-14,0.0,0.0,0.0,0.0,0.0
10200,0.0,781.25,0,37508.22106186224,0.0,1.4210854715202004e-14,1.4210854715202004e-14,0.0,0.0,0.0,0.0,0.0
10320,0.0,0.0,0,38767.102299904334,0.0,1.4210854715202004e-14,1.4210854715202004e-14,0.0,0.0,0.0,0.0,0.0
10440,0.0,0.0,0,22829.110281808036,0.0,1.4210854715202004e-14,1.4210854715202004e-14,0.0,0.0,0.0,0.0,0.0
10560,0.0,0.0,0,8231.743014588648,0.0,1.4210854715202004e-14,1.4210854715202004e-14,0.0,0.0,0.0,0.0,0.0
10680,0.0,0.0,0,3031.5788424744896,0.0,1.4210854715202004e-14,1.4210854715202004e-14,0.0,0.0,0.0,0.0,0.0
10800,0.0,781.25,0,26828.781439333543,0.0,1.4210854715202004e-14,1.4210854715202004e-14,0.0,0.0,0.0,0.0,0.0
10920,0.0,781.25,0,42452.6292450574,0.0,1.4210854715202004e-14,1.4210854715202004e-14,0.0,0.0,0.0,0.0,0.0
11040,0.0,0.0,0,54834.700603874364,0.0,1.4210854715202004e-14,1.4210854715202004e-14,0.0,0.0,0.0,0.0,0.0
11160,0.0,0.0,0,57457.56188217474,0.0,1.4210854715202004e-14,1.4210854715202004e-14,0.0,58.38822345344388,0.0,0.0,0.0
11280,0.0,0.0,0,54950.3248565051,0.0,23.355289381377567,1.4210854715202004e-14,0.0,0.0,0.0,0.0,0.0
11400,0.0,0.0,0,50567.59581273916,0.0,1.4210854715202004e-14,1.4210854715202004e-14,0.0,0.0,0.0,0.0,0.0
11520,0.0,0.0,0,25674.99900350765,0.0,1.4210854715202004e-14,1.4210854715202004e-14,0.0,0.0,0.0,0.0,0.0
11640,0.0,0.0,0,28506.905691964286,0.0,58.38822345344389,1.4210854715202004e-14,0.0,0.0,0.0,0.0,0.0
11760,0.0,0.0,0,44992.59481624681,0.0,23.355289381377567,1.4210854715202004e-14,0.0,0.0,0.0,0.0,0.0
11880,0.0,0.0,0,66096.87026666135,0.0,1.4210854715202004e-14,1.4210854715202004e-14,0.0,0.0,0.0,0.0,0.0
12000,0.0,0.0,0,57610.523457429845,0.0,1.4210854715202004e-14,1.4210854715202004e-14,0.0,0.0,0.0,0.0,0.0
12120,0.0,0.0,0,50965.78792649872,0.0,1.4210854715202004e-14,1.4210854715202004e-14,0.0,0.0,0.0,0.0,0.0
12240,0.0,0.0,0,26817.103794642855,0.0,1.4210854715202004e-14,1.4210854715202004e-14,0.0,0.0,0.0,0.0,0.0
12360,0.0,-0.0,0,32856.90619021046,0.0,1.4210854715202004e-14,1.4210854715202004e-14,0.0,23.355289381377553,0.0,0.0,0.0
12480,0.0,0.0,0,34581.74102160395,0.0,1.4210854715202004e-14,1.4210854715202004e-14,0.0,58.38822345344388,0.0,0.0,0.0
12600,0.0,0.0,0,50484.70010562819,0.0,1.4210854715202004e-14,1.4210854715202004e-14,0.0,0.0,0.0,0.0,0.0
12720,0.0,0.0,0,31059.701102120536,0.0,1.4210854715202004e-14,1.4210854715202004e-14,0.0,0.0,0.0,0.0,0.0
12840,0.0,0.0,0,11577.466069435586,0.0,1.4210854715202004e-14,1.4210854715202004e-14,0.0,0.0,0.0,0.0,0.0
12960,0.0,0.0,0,0,0.0,1.4210854715202004e-14,1.4210854715202004e-14,0.0,0.0,0.0,0.0,0.0
13080,0.0,0.0,0,0,0.0,1.4210854715202004e-14,1.4210854715202004e-14,0.0,0.0,0.0,0.0,0.0
13200,0.0,0.0,0,4547.3682637117345,0.0,1.4210854715202004e-14,1.4210854715202004e-14,0.0,0.0,0.0,0.0,0.0
13320,0.0,0.0,0,21221.051897321428,0.0,1.4210854715202004e-14,1.4210854715202004e-14,0.0,0.0,0.0,0.0,0.0
13440,0.0,0.0,0,32390.952596859053,0.0,1.4210854715202004e-14,1.4210854715202004e-14,0.0,0.0,0.0,0.0,0.0
13560,0.0,0.0,0,16416.77545041454,0.0,1.4210854715202004e-14,1.4210854715202004e-14,0.0,0.0,0.0,0.0,0.0
13680,0.0,0.0,0,3590.953593351403,0.0,1.4210854715202004e-14,1.4210854715202004e-14,0.0,0.0,0.0,0.0,0.0
13800,0.0,0.0,0,0,0.0,1.4210854715202004e-14,1.4210854715202004e-14,0.0,0.0,0.0,0.0,0.0
13920,0.0,0.0,0,0,0.0,1.4210854715202004e-14,1.4210854715202004e-14,0.0,0.0,0.0,0.0,0.0
14040,0.0,0.0,0,11368.420659279336,0.0,23.355289381377567,1.4210854715202004e-14,0.0,0.0,0.0,0.0,0.0
14160,0.0,0.0,0,21978.94660794005,0.0,1.4210854715202004e-14,1.4210854715202004e-14,0.0,0.0,0.0,0.0,0.0
14280,0.0,0.0,0,27878.617267219386,0.0,81.74351283482144,1.4210854715202004e-14,0.0,0.0,0.0,0.0,0.0
14400,0.0,0.0,0,29159.70160036671,0.0,1.4210854715202004e-14,1.4210854715202004e-14,0.0,0.0,0.0,0.0,0.0
14520,0.0,781.25,0,33916.1152742347,0.0,1.4210854715202004e-14,1.4210854715202004e-14,0.0,0.0,0.0,0.0,0.0
14640,0.0,0.0,0,38521.871761399874,0.0,23.355289381377567,1.4210854715202004e-14,0.0,0.0,0.0,0.0,0.0
14760,0.0,781.25,0,44456.57535475127,0.0,1.4210854715202004e-14,1.4210854715202004e-14,0.0,0.0,0.0,0.0,0.0
14880,0.0,781.25,0,41273.18713129783,0.0,1.4210854715202004e-14,1.4210854715202004e-14,0.0,0.0,0.0,0.0,0.0
15000,0.0,0.0,0,40433.548907844386,0.0,1.4210854715202004e-14,1.4210854715202004e-14,0.0,58.38822345344388,0.0,0.0,0.0
15120,0.0,-0.0,0,41273.18713129783,0.0,1.4210854715202004e-14,1.4210854715202004e-14,0.0,58.38822345344388,0.0,0.0,0.0
15240,0.0,0.0,0,46949.83034717793,0.0,1.4210854715202004e-14,1.4210854715202004e-14,0.0,0.0,0.0,0.0,0.0
15360,0.0,0.0,0,45153.77745336416,0.0,81.74351283482144,1.4210854715202004e-14,0.0,0.0,0.0,0.0,0.0
15480,0.0,0.0,0,42006.57435825893,0.0,1.4210854715202004e-14,1.4210854715202004e-14,0.0,0.0,0.0,0.0,0.0
15600,0.0,0.0,0,30966.279944595026,0.0,1.4210854715202004e-14,1.4210854715202004e-14,0.0,0.0,0.0,0.0,0.0
15720,0.0,781.25,0,24752.46507294324,0.0,1.4210854715202004e-14,1.4210854715202004e-14,0.0,23.355289381377553,0.0,0.0,0.0
15840,0.0,781.25,0,41228.780941087374,0.0,1.4210854715202004e-14,1.4210854715202004e-14,0.0,23.355289381377553,0.0,0.0,0.0
15960,0.0,0.0,0,53052.629743303565,0.0,1.4210854715202004e-14,1.4210854715202004e-14,0.0,0.0,0.0,0.0,0.0
16080,0.0,0.0,0,41684.20908402423,0.0,1.4210854715202004e-14,1.4210854715202004e-14,0.0,0.0,0.0,0.0,0.0
16200,0.0,0.0,0,2273.6841318558672,0.0,1.4210854715202004e-14,1.4210854715202004e-14,0.0,0.0,0.0,0.0,0.0
16320,0.0,0.0,0,5736.183633609694,0.0,58.38822345344389,1.4210854715202004e-14,0.0,0.0,0.0,0.0,0.0
16440,0.0,0.0,0,28494.07585299745,0.0,1.4210854715202004e-14,1.4210854715202004e-14,0.0,58.38822345344388,0.0,0.0,0.0
16560,0.0,781.25,0,48897.692621970666,0.0,1.4210854715202004e-14,1.4210854715202004e-14,0.0,23.355289381377553,0.0,0.0,0.0
16680,0.0,0.0,0,56128.61477598852,0.0,1.4210854715202004e-14,1.4210854715202004e-14,0.0,0.0,0.0,0.0,0.0
16800,0.0,781.25,0,72430.91816804846,0.0,1.4210854715202004e-14,1.4210854715202004e-14,0.0,23.355289381377553,0.0,0.0,0.0
16920,0.0,781.25,0,83368.41816804846,0.0,1.4210854715202004e-14,1.4210854715202004e-14,0.0,23.355289381377553,0.0,0.0,0.0
17040,0.0,0.0,0,69749.66866629464,0.0,1.4210854715202004e-14,1.4210854715202004e-14,0.0,0.0,0.0,0.0,0.0
17160,0.0,0.0,0,71673.02345742984,0.0,23.355289381377567,1.4210854715202004e-14,0.0,0.0,0.0,0.0,0.0
17280,0.0,0.0,0,55617.10279815051,0.0,1.4210854715202004e-14,1.4210854715202004e-14,0.0,0.0,0.0,0.0,0.0
17400,0.0,0.0,0,72603.7784498565,0.0,58.388223453443864,-1.4210854715202004e-14,0.0,0.0,0.0,0.0,0.0
17520,0.0,0.0,0,76484.36877192283,0.0,36.282705009746536,-1.4210854715202004e-14,0.0,26.90893645182868,0.0,0.0,0.0
17640,0.0,0.0,0,74210.68464006696,0.0,-1.4210854715202004e-14,-1.4210854715202004e-14,0.0,0.0,0.0,0.0,0.0
17760,0.0,0.0,0,40316.7724609375,0.0,-1.4210854715202004e-14,-1.4210854715202004e-14,0.0,0.0,0.0,0.0,0.0
17880,0.0,0.0,0,22607.23503268495,0.0,20.719589174556397,-1.4210854715202004e-14,0.0,0.0,0.0,0.0,0.0
18000,0.0,781.25,0,54413.15320073342,0.0,55.59160709098527,-1.4210854715202004e-14,0.0,0.0,0.0,0.0,0.0
18120,0.0,0.0,0,78185.84831393494,0.0,-1.4210854715202004e-14,-1.4210854715202004e-14,0.0,0.0,0.0,0.0,0.0
18240,0.0,0.0,0,70187.65819316008,0.0,-1.4210854715202004e-14,-1.4210854715202004e-14,0.0,0.0,0.0,0.0,0.0
18360,0.0,0.0,0,45843.91068439095,0.0,-1.4210854715202004e-14,-1.4210854715202004e-14,0.0,0.0,0.0,0.0,0.0
18480,0.0,0.0,0,22560.524453922193,0.0,-1.4210854715202004e-14,-1.4210854715202004e-14,0.0,0.0,0.0,0.0,0.0
18600,0.0,0.0,0,6459.04541015625,0.0,-1.4210854715202004e-14,-1.4210854715202004e-14,0.0,0.0,0.0,0.0,0.0
18720,0.0,0.0,0,6505.755988919005,0.0,-1.4210854715202004e-14,-1.4210854715202004e-14,0.0,0.0,0.0,0.0,0.0
18840,0.0,0.0,0,28750.984036192604,0.0,23.355289381377553,0.0,0.0,50.20156766399707,0.0,0.0,0.0
18960,0.0,0.0,0,60264.96108697385,0.0,19.98765164086135,-1.4210854715202004e-14,0.0,6.464157395209497,0.0,0.0,0.0
19080,0.0,0.0,0,70069.72955197704,0.0,-1.4210854715202004e-14,-1.4210854715202004e-14,0.0,0.0,0.0,0.0,0.0
19200,0.0,0.0,0,36411.67465521365,0.0,-1.4210854715202004e-14,-1.4210854715202004e-14,0.0,0.0,0.0,0.0,0.0
19320,0.0,781.25,0,5950.350149300563,0.0,-1.4210854715202004e-14,-1.4210854715202004e-14,0.0,23.355289381377553,0.0,0.0,0.0
19440,0.0,781.25,0,20380.261479591838,0.0,-1.4210854715202004e-14,-1.4210854715202004e-14,0.0,0.0,0.0,0.0,0.0
19560,0.0,0.0,0,33333.385233976405,0.0,-1.4210854715202004e-14,-1.4210854715202004e-14,0.0,0.0,0.0,0.0,0.0
19680,0.0,0.0,0,19948.188626036354,0.0,-1.4210854715202004e-14,-1.4210854715202004e-14,0.0,0.0,0.0,0.0,0.0
19800,0.0,0.0,0,4395.558882732781,0.0,-1.4210854715202004e-14,-1.4210854715202004e-14,0.0,0.0,0.0,0.0,0.0
19920,0.0,0.0,0,15740.62425263074,0.0,-1.4210854715202004e-14,-1.4210854715202004e-14,0.0,0.0,0.0,0.0,0.0
20040,0.0,0.0,0,15740.62425263074,0.0,-1.4210854715202004e-14,-1.4210854715202004e-14,0.0,0.0,0.0,0.0,0.0
20160,0.0,0.0,0,12767.433633609693,0.0,-1.4210854715202004e-14,-1.4210854715202004e-14,0.0,0.0,0.0,0.0,0.0
20280,0.0,0.0,0,0,0.0,-1.4210854715202004e-14,-1.4210854715202004e-14,0.0,0.0,0.0,0.0,0.0
20400,0.0,781.25,0,12929.76846500319,0.0,-1.4210854715202004e-14,-1.4210854715202004e-14,0.0,81.74351283482143,0.0,0.0,0.0
20520,0.0,0.0,0,34243.08932557398,0.0,81.74351283482142,-1.4210854715202004e-14,0.0,0.0,0.0,0.0,0.0
20640,0.0,0.0,0,54937.49501753826,0.0,-2.1316282072803006e-14,-2.1316282072803006e-14,0.0,0.0,0.0,0.0,0.0
20760,0.0,0.0,0,52220.06038743623,0.0,58.38822345344386,-2.1316282072803006e-14,0.0,0.0,0.0,0.0,0.0
20880,0.0,0.0,0,46913.64521882972,0.0,-2.1316282072803006e-14,-2.1316282072803006e-14,0.0,0.0,0.0,0.0,0.0
21000,0.0,0.0,0,45784.37026666135,0.0,23.35528938137753,-2.1316282072803006e-14,0.0,0.0,0.0,0.0,0.0
21120,0.0,781.25,0,51429.43713129783,0.0,-1.4210854715202004e-14,-1.4210854715202004e-14,0.0,81.74351283482143,0.0,0.0,0.0
21240,0.0,0.0,0,52362.49651227678,0.0,-1.4210854715202004e-14,-1.4210854715202004e-14,0.0,0.0,0.0,0.0,0.0
21360,0.0,0.0,0,28285.0304428412,0.0,-1.4210854715202004e-14,-1.4210854715202004e-14,0.0,0.0,0.0,0.0,0.0
21480,0.0,0.0,0,10854.604292889031,0.0,-1.4210854715202004e-14,-1.4210854715202004e-14,0.0,0.0,0.0,0.0,0.0
21600,0.0,0.0,0,4337.170659279337,0.0,-1.4210854715202004e-14,-1.4210854715202004e-14,0.0,0.0,0.0,0.0,0.0
21720,0.0,0.0,0,1445.7235530931123,0.0,-1.4210854715202004e-14,-1.4210854715202004e-14,0.0,0.0,0.0,0.0,0.0
21840,0.0,0.0,0,0,0.0,-1.4210854715202004e-14,-1.4210854715202004e-14,0.0,0.0,0.0,0.0,0.0
21960,0.0,0.0,0,11589.143714126276,0.0,-1.4210854715202004e-14,-1.4210854715202004e-14,0.0,0.0,0.0,0.0,0.0
22080,0.0,781.25,0,26769.241021603953,0.0,-1.4210854715202004e-14,-1.4210854715202004e-14,0.0,58.38822345344388,0.0,0.0,0.0
22200,0.0,781.25,0,43663.647710060584,0.0,-1.4210854715202004e-14,-1.4210854715202004e-14,0.0,58.38822345344388,0.0,0.0,0.0
22320,0.0,0.0,0,49236.344318000636,0.0,-1.4210854715202004e-14,-1.4210854715202004e-14,0.0,0.0,0.0,0.0,0.0
22440,0.0,0.0,0,57234.53443877551,0.0,23.35528938137754,-1.4210854715202004e-14,0.0,0.0,0.0,0.0,0.0
22560,0.0,781.25,0,48653.614277742345,0.0,-1.4210854715202004e-14,-1.4210854715202004e-14,0.0,58.38822345344388,0.0,0.0,0.0
22680,0.0,0.0,0,44247.52994459502,0.0,-1.4210854715202004e-14,-1.4210854715202004e-14,0.0,0.0,0.0,0.0,0.0
22800,0.0,781.25,0,60351.31337691326,0.0,-1.4210854715202004e-14,-1.4210854715202004e-14,0.0,23.355289381377553,0.0,0.0,0.0
22920,0.0,0.0,0,86690.78593351402,0.0,58.388223453443864,-1.4210854715202004e-14,0.0,0.0,0.0,0.0,0.0
23040,0.0,0.0,0,73676.96956712373,0.0,-1.4210854715202004e-14,-1.4210854715202004e-14,0.0,0.0,0.0,0.0,0.0
23160,0.0,0.0,0,34394.898706552936,0.0,58.388223453443864,-1.4210854715202004e-14,0.0,0.0,0.0,0.0,0.0
23280,0.0,0.0,0,13385.19660794005,0.0,23.35528938137754,-1.4210854715202004e-14,0.0,0.0,0.0,0.0,0.0
23400,0.0,0.0,0,15064.473054846938,0.0,23.35528938137754,-1.4210854715202004e-14,0.0,0.0,0.0,0.0,0.0
23520,0.0,0.0,0,46872.6956114477,0.0,23.35528938137754,-1.4210854715202004e-14,0.0,0.0,0.0,0.0,0.0
23640,0.0,0.0,0,66610.68663305165,0.0,-1.4210854715202004e-14,-1.4210854715202004e-14,0.0,58.38822345344388,0.0,0.0,0.0
23760,0.0,0.0,0,79026.63873166454,0.0,23.35528938137754,-1.4210854715202004e-14,0.0,58.38822345344388,0.0,0.0,0.0
23880,0.0,781.25,0,70095.38922991071,0.0,-1.4210854715202004e-14,-1.4210854715202004e-14,0.0,23.355289381377553,0.0,0.0,0.0
24000,0.0,0.0,0,48946.70758928571,0.0,-1.4210854715202004e-14,-1.4210854715202004e-14,0.0,0.0,0.0,0.0,0.0
24120,0.0,0.0,0,30245.722556600766,0.0,-1.4210854715202004e-14,-1.4210854715202004e-14,0.0,0.0,0.0,0.0,0.0
24240,0.0,0.0,0,18154.44012077487,0.0,-1.4210854715202004e-14,-1.4210854715202004e-14,0.0,0.0,0.0,0.0,0.0
24360,0.0,0.0,0,21698.68313536352,0.0,-1.4210854715202004e-14,-1.4210854715202004e-14,0.0,0.0,0.0,0.0,0.0
24480,0.0,0.0,0,14468.913175621812,0.0,-1.4210854715202004e-14,-1.4210854715202004e-14,0.0,23.355289381377553,0.0,0.0,0.0
24600,0.0,0.0,0,14503.946109693878,0.0,-1.4210854715202004e-14,-1.4210854715202004e-14,0.0,0.0,0.0,0.0,0.0
24720,0.0,0.0,0,5060.032435825893,0.0,-1.4210854715202004e-14,-1.4210854715202004e-14,0.0,0.0,0.0,0.0,0.0
24840,0.0,0.0,0,16148.189622528698,0.0,23.35528938137754,-1.4210854715202004e-14,0.0,0.0,0.0,0.0,0.0
24960,0.0,0.0,0,36341.60878706951,0.0,-1.4210854715202004e-14,-1.4210854715202004e-14,0.0,0.0,0.0,0.0,0.0
25080,0.0,0.0,0,46938.15270248725,0.0,58.388223453443864,-1.4210854715202004e-14,0.0,23.355289381377553,0.0,0.0,0.0
25200,0.0,0.0,0,57979.59931042729,0.0,58.388223453443864,-1.4210854715202004e-14,0.0,0.0,0.0,0.0,0.0
25320,0.0,0.0,0,60219.40270248724,0.0,-1.4210854715202004e-14,-1.4210854715202004e-14,0.0,0.0,0.0,0.0,0.0
25440,0.0,0.0,0,52664.96307995854,0.0,-1.4210854715202004e-14,-1.4210854715202004e-14,0.0,0.0,0.0,0.0,0.0
25560,0.0,0.0,0,31911.016970264667,0.0,-1.4210854715202004e-14,-1.4210854715202004e-14,0.0,0.0,0.0,0.0,0.0
25680,0.0,0.0,0,14492.26846500319,0.0,-1.4210854715202004e-14,-1.4210854715202004e-14,0.0,0.0,0.0,0.0,0.0
25800,0.0,0.0,0,0,0.0,-1.4210854715202004e-14,-1.4210854715202004e-14,0.0,0.0,0.0,0.0,0.0
25920,0.0,0.0,0,5081.415759123676,0.0,21.383323297783036,-1.4210854715202004e-14,0.0,30.162901175900167,0.0,0.0,0.0
26040,0.0,781.25,0,17558.880241549745,0.0,8.363794774712503,-1.4210854715202004e-14,0.0,0.0,0.0,0.0,0.0
26160,0.0,0.0,0,29835.85279815051,0.0,-1.7763568394002505e-14,-1.7763568394002505e-14,0.0,0.0,0.0,0.0,0.0
26280,0.0,0.0,0,19680.754992426657,0.0,-1.7763568394002505e-14,-1.7763568394002505e-14,0.0,0.0,0.0,0.0,0.0
26400,0.0,0.0,0,6482.400699537628,0.0,-1.7763568394002505e-14,-1.7763568394002505e-14,0.0,0.0,0.0,0.0,0.0
26520,0.0,0.0,0,3789.473553093112,0.0,23.355289381377535,-1.7763568394002505e-14,0.0,0.0,0.0,0.0,0.0
26640,0.0,781.25,0,39410.524952168365,0.0,-1.7763568394002505e-14,-1.7763568394002505e-14,0.0,23.355289381377553,0.0,0.0,0.0
26760,0.0,0.0,0,58357.89271763393,0.0,-1.7763568394002505e-14,-1.7763568394002505e-14,0.0,0.0,0.0,0.0,0.0
26880,0.0,781.25,0,51535.68812779018,0.0,-1.4210854715202004e-14,-1.4210854715202004e-14,0.0,0.0,0.0,0.0,0.0
27000,0.0,0.0,0,53469.56836933992,0.0,-7.105427357601002e-15,-7.105427357601002e-15,0.0,0.0,0.0,0.0,0.0
27120,0.0,0.0,0,55940.62026666135,0.0,-7.105427357601002e-15,-7.105427357601002e-15,0.0,0.0,0.0,0.0,0.0
27240,0.0,781.25,0,52057.72555604273,0.0,-1.4210854715202004e-14,-1.4210854715202004e-14,0.0,0.0,0.0,0.0,0.0
27360,0.0,0.0,0,58959.369270169,0.0,23.35528938137754,-1.4210854715202004e-14,0.0,0.0,0.0,0.0,0.0
27480,0.0,-0.0,0,58854.2704679528,0.0,58.388223453443864,-1.4210854715202004e-14,0.0,0.0,0.0,0.0,0.0
27600,0.0,781.25,0,50134.37076490753,0.0,-1.4210854715202004e-14,-1.4210854715202004e-14,0.0,81.74351283482143,0.0,0.0,0.0
27720,0.0,0.0,0,31969.405193718114,0.0,-1.4210854715202004e-14,-1.4210854715202004e-14,0.0,0.0,0.0,0.0,0.0
27840,0.0,0.0,0,23201.642717633928,0.0,-1.4210854715202004e-14,-1.4210854715202004e-14,0.0,0.0,0.0,0.0,0.0
27960,0.0,781.25,0,21114.800900829083,0.0,8.947452684597266,-2.1316282072803006e-14,0.0,0.0,0.0,0.0,0.0
28080,0.0,0.0,0,43978.94411670918,0.0,58.38822345344387,-7.105427357601002e-15,0.0,0.0,0.0,0.0,0.0
28200,0.0,0.0,0,70859.28221851014,0.0,29.353567362187242,-7.105427357601002e-15,0.0,29.03465609125663,0.0,0.0,0.0
28320,0.0,781.25,0,64953.61328125,0.0,-7.105427357601002e-15,-7.105427357601002e-15,0.0,23.355289381377553,0.0,0.0,0.0
28440,0.0,781.25,0,56433.56178075226,0.0,-3.552713678800501e-15,-3.552713678800501e-15,0.0,23.355289381377553,0.0,0.0,0.0
28560,0.0,0.0,0,53547.133627113486,0.0,23.35528938137755,-3.552713678800501e-15,0.0,0.0,0.0,0.0,0.0
28680,0.0,0.0,0,49775.820362324615,0.0,23.35528938137755,-3.552713678800501e-15,0.0,0.0,0.0,0.0,0.0
28800,0.0,0.0,0,43104.27295918367,0.0,-2.1316282072803006e-14,-2.1316282072803006e-14,0.0,0.0,0.0,0.0,0.0
28920,0.0,0.0,0,38300.04814094466,0.0,-2.1316282072803006e-14,-2.1316282072803006e-14,0.0,0.0,0.0,0.0,0.0
29040,0.0,0.0,0,40983.55040258291,0.0,23.35528938137753,-2.1316282072803006e-14,0.0,0.0,0.0,0.0,0.0
29160,0.0,0.0,0,68968.41866629464,0.0,23.35528938137753,-2.1316282072803006e-14,0.0,0.0,0.0,0.0,0.0
29280,0.0,0.0,0,98526.31238042092,0.0,-2.1316282072803006e-14,-2.1316282072803006e-14,0.0,0.0,0.0,0.0,0.0
29400,0.0,0.0,0,65040.04952042153,0.0,59.62436696171694,-1.4210854715202004e-14,0.0,22.11914587310448,0.0,0.0,0.0
29520,0.0,0.0,0,45061.814061291516,0.0,51.316961445415444,-1.7763568394002505e-14,0.0,1.9988173755744683,0.0,0.0,0.0
29640,0.0,0.0,0,50554.76597377232,0.0,-2.1316282072803006e-14,-2.1316282072803006e-14,0.0,0.0,0.0,0.0,0.0
29760,0.0,-0.0,0,54034.04971741698,0.0,16.78424189083084,-2.1316282072803006e-14,0.0,64.95927094399056,0.0,0.0,0.0
29880,0.0,0.0,0,40084.371761399874,0.0,-1.4210854715202004e-14,-1.4210854715202004e-14,0.0,0.0,0.0,0.0,0.0
30000,0.0,0.0,0,40651.654643270325,0.0,23.35528938137754,-1.4210854715202004e-14,0.0,0.0,0.0,0.0,0.0
30120,0.0,0.0,0,23435.195611447703,0.0,-1.4210854715202004e-14,-1.4210854715202004e-14,0.0,0.0,0.0,0.0,0.0
30240,0.0,0.0,0,7403.782435825893,0.0,-1.4210854715202004e-14,-1.4210854715202004e-14,0.0,0.0,0.0,0.0,0.0
30360,0.0,0.0,0,12009.53892299107,0.0,-1.4210854715202004e-14,-1.4210854715202004e-14,0.0,19.259267595453686,0.0,0.0,0.0
30480,0.0,781.25,0,22513.813875159438,0.0,-1.4210854715202004e-14,-1.4210854715202004e-14,0.0,23.355289381377553,0.0,0.0,0.0
30600,0.0,0.0,0,36655.75299944197,0.0,23.35528938137754,-1.4210854715202004e-14,0.0,40.178301932432795,0.0,0.0,0.0
30720,0.0,0.0,0,40181.78658003509,0.0,5.145855385856578,-1.4210854715202004e-14,0.0,53.242368067587286,0.0,0.0,0.0
30840,0.0,0.0,0,54797.36328125,0.0,-2.1316282072803006e-14,-2.1316282072803006e-14,0.0,0.0,0.0,0.0,0.0
30960,0.0,0.0,0,41074.667171556124,0.0,-2.1316282072803006e-14,-2.1316282072803006e-14,0.0,0.0,0.0,0.0,0.0
31080,0.0,0.0,0,35991.27944634885,0.0,-1.4210854715202004e-14,-1.4210854715202004e-14,0.0,58.38822345344388,0.0,0.0,0.0
31200,0.0,0.0,0,37763.97705078125,0.0,-1.4210854715202004e-14,-1.4210854715202004e-14,0.0,0.0,0.0,0.0,0.0
31320,0.0,781.25,0,41600.161182637115,0.0,-1.4210854715202004e-14,-1.4210854715202004e-14,0.0,0.0,0.0,0.0,0.0
31440,0.0,781.25,0,42089.4700653699,0.0,-1.4210854715202004e-14,-1.4210854715202004e-14,0.0,0.0,0.0,0.0,0.0
31560,0.0,781.25,0,48059.206592793365,0.0,-1.4210854715202004e-14,-1.4210854715202004e-14,0.0,23.355289381377553,0.0,0.0,0.0
31680,0.0,0.0,0,53213.81238042092,0.0,-1.4210854715202004e-14,-1.4210854715202004e-14,0.0,0.0,0.0,0.0,0.0
31800,0.0,0.0,0,56991.60828882334,0.0,23.35528938137754,-1.4210854715202004e-14,0.0,0.0,0.0,0.0,0.0
31920,0.0,781.25,0,65127.62575733418,0.0,-3.907985046680551e-14,-3.907985046680551e-14,0.0,42.30515195077642,0.0,0.0,0.0
32040,0.0,0.0,0,78675.15719666773,0.0,-4.263256414560601e-14,-4.263256414560601e-14,0.0,0.0,0.0,0.0,0.0
32160,0.0,0.0,0,59473.18563655931,0.0,-4.263256414560601e-14,-4.263256414560601e-14,0.0,0.0,0.0,0.0,0.0
32280,0.0,0.0,0,26198.188626036354,0.0,-4.263256414560601e-14,-4.263256414560601e-14,0.0,0.0,0.0,0.0,0.0
32400,0.0,781.25,0,9432.236029177297,0.0,-4.263256414560601e-14,-4.263256414560601e-14,0.0,0.0,0.0,0.0,0.0
32520,0.0,781.25,0,30525.793914196074,0.0,48.8228523338272,-4.263256414560601e-14,0.0,9.565371119616636,0.0,0.0,0.0
32640,0.0,0.0,0,36248.18762954401,0.0,-4.263256414560601e-14,-4.263256414560601e-14,0.0,0.0,0.0,0.0,0.0
32760,0.0,0.0,0,22479.44463642901,0.0,23.35528938137751,-4.263256414560601e-14,0.0,53.346693687526894,0.0,0.0,0.0
32880,0.0,0.0,0,19785.85379464286,0.0,7.030059117829097,-4.263256414560601e-14,0.0,0.0,0.0,0.0,0.0
33000,0.0,0.0,0,46848.18812779018,0.0,23.35528938137751,-4.263256414560601e-14,0.0,0.0,0.0,0.0,0.0
33120,0.0,0.0,0,71521.2140764509,0.0,-3.907985046680551e-14,-3.907985046680551e-14,0.0,0.0,0.0,0.0,0.0
33240,0.0,0.0,0,69713.48353794642,0.0,-2.842170943040401e-14,-2.842170943040401e-14,0.0,0.0,0.0,0.0,0.0
33360,0.0,781.25,0,56938.48279057717,0.0,-2.842170943040401e-14,-2.842170943040401e-14,0.0,0.0,0.0,0.0,0.0
33480,0.0,0.0,0,64304.9279037787,0.0,-4.263256414560601e-14,-4.263256414560601e-14,0.0,0.0,0.0,0.0,0.0
33600,0.0,0.0,0,59675.816127232145,0.0,-4.263256414560601e-14,-4.263256414560601e-14,0.0,0.0,0.0,0.0,0.0
33720,0.0,0.0,0,32819.568867586095,0.0,-4.263256414560601e-14,-4.263256414560601e-14,0.0,0.0,0.0,0.0,0.0
33840,0.0,0.0,0,5153.453593351403,0.0,-4.263256414560601e-14,-4.263256414560601e-14,0.0,0.0,0.0,0.0,0.0
33960,0.0,781.25,0,11891.610281808036,0.0,-4.263256414560601e-14,-4.263256414560601e-14,0.0,0.0,0.0,0.0,0.0
34080,0.0,-0.0,0,30551.1474609375,0.0,-4.263256414560601e-14,-4.263256414560601e-14,0.0,0.0,0.0,0.0,0.0
34200,0.0,0.0,0,49846.54017857143,0.0,81.74351283482139,-4.263256414560601e-14,0.0,0.0,0.0,0.0,0.0
34320,0.0,0.0,0,50640.62001753826,0.0,58.388223453443835,-4.263256414560601e-14,0.0,0.0,0.0,0.0,0.0
34440,0.0,0.0,0,48326.64022640306,0.0,-4.263256414560601e-14,-4.263256414560601e-14,0.0,0.0,0.0,0.0,0.0
34560,0.0,0.0,0,23831.083336654974,0.0,-4.263256414560601e-14,-4.263256414560601e-14,0.0,0.0,0.0,0.0,0.0
34680,0.0,0.0,0,15472.038424744898,0.0,-4.263256414560601e-14,-4.263256414560601e-14,0.0,0.0,0.0,0.0,0.0
34800,0.0,781.25,0,35396.871761399874,0.0,58.388223453443835,-4.263256414560601e-14,0.0,23.355289381377553,0.0,0.0,0.0
34920,0.0,781.25,0,55695.389728156886,0.0,-4.263256414560601e-14,-4.263256414560601e-14,0.0,81.74351283482143,0.0,0.0,0.0
35040,0.0,0.0,0,62247.85629583865,0.0,-4.263256414560601e-14,-4.263256414560601e-14,0.0,0.0,0.0,0.0,0.0
35160,0.0,781.25,0,45237.82535475127,0.0,-4.263256414560601e-14,-4.263256414560601e-14,0.0,23.355289381377553,0.0,0.0,0.0
35280,0.0,0.0,0,24997.695611447703,0.0,-4.263256414560601e-14,-4.263256414560601e-14,0.0,0.0,0.0,0.0,0.0
35400,0.0,0.0,0,39712.991519850126,0.0,81.74351283482139,-4.263256414560601e-14,0.0,0.0,0.0,0.0,0.0
35520,0.0,781.25,0,52245.7200653699,0.0,-4.263256414560601e-14,-4.263256414560601e-14,0.0,81.74351283482143,0.0,0.0,0.0
35640,0.0,0.0,0,55322.85729233099,0.0,-4.263256414560601e-14,-4.263256414560601e-14,0.0,0.0,0.0,0.0,0.0
35760,0.0,0.0,0,47230.09381975447,0.0,23.35528938137751,-4.263256414560601e-14,0.0,58.38822345344388,0.0,0.0,0.0
35880,0.0,0.0,0,57736.673160475126,0.0,23.35528938137751,-4.263256414560601e-14,0.0,0.0,0.0,0.0,0.0
36000,0.0,0.0,0,61609.04242067921,0.0,-4.263256414560601e-14,-4.263256414560601e-14,0.0,0.0,0.0,0.0,0.0
36120,0.0,0.0,0,37719.57086057079,0.0,-4.263256414560601e-14,-4.263256414560601e-14,0.0,0.0,0.0,0.0,0.0
36240,0.0,0.0,0,32283.549406090562,0.0,-4.263256414560601e-14,-4.263256414560601e-14,0.0,0.0,0.0,0.0,0.0
36360,0.0,0.0,0,55624.171665736605,0.0,-5.684341886080802e-14,-5.684341886080802e-14,0.0,0.0,0.0,0.0,0.0
36480,0.0,0.0,0,79889.63224449936,0.0,23.355289381377503,-4.973799150320701e-14,0.0,0.0,0.0,0.0,0.0
36600,0.0,781.25,0,89837.98902861925,0.0,-4.973799150320701e-14,-4.973799150320701e-14,0.0,23.355289381377553,0.0,0.0,0.0
36720,0.0,0.0,0,69726.31337691325,0.0,-4.973799150320701e-14,-4.973799150320701e-14,0.0,0.0,0.0,0.0,0.0
36840,0.0,0.0,0,42442.103794642855,0.0,-4.973799150320701e-14,-4.973799150320701e-14,0.0,0.0,0.0,0.0,0.0
36960,0.0,0.0,0,15915.78892299107,0.0,-4.973799150320701e-14,-4.973799150320701e-14,0.0,0.0,0.0,0.0,0.0
37080,0.0,0.0,0,21441.774952168365,0.0,58.388223453443835,-4.263256414560601e-14,0.0,0.0,0.0,0.0,0.0
37200,0.0,0.0,0,32179.60279815051,0.0,-4.263256414560601e-14,-4.263256414560601e-14,0.0,0.0,0.0,0.0,0.0
37320,0.0,0.0,0,35630.42465521365,0.0,-4.263256414560601e-14,-4.263256414560601e-14,0.0,0.0,0.0,0.0,0.0
37440,0.0,781.25,0,19062.9920180963,0.0,-4.263256414560601e-14,-4.263256414560601e-14,0.0,58.38822345344388,0.0,0.0,0.0
37560,0.0,0.0,0,7986.512476084184,0.0,-4.263256414560601e-14,-4.263256414560601e-14,0.0,0.0,0.0,0.0,0.0
37680,0.0,0.0,0,6599.1771464445155,0.0,-4.263256414560601e-14,-4.263256414560601e-14,0.0,0.0,0.0,0.0,0.0
37800,0.0,0.0,0,9852.631238042091,0.0,23.35528938137751,-4.263256414560601e-14,0.0,0.0,0.0,0.0,0.0
37920,0.0,781.25,0,19705.262476084183,0.0,-4.263256414560601e-14,-4.263256414560601e-14,0.0,23.355289381377553,0.0,0.0,0.0
38040,0.0,781.25,0,48505.261479591834,0.0,-4.263256414560601e-14,-4.263256414560601e-14,0.0,23.355289381377553,0.0,0.0,0.0
38160,0.0,781.25,0,75789.47106186225,0.0,-4.263256414560601e-14,-4.263256414560601e-14,0.0,23.355289381377553,0.0,0.0,0.0
38280,0.0,0.0,0,103083.05390027104,0.0,23.35528938137751,-4.263256414560601e-14,0.0,0.0,0.0,0.0,0.0
38400,0.0,0.0,0,84331.9017059949,0.0,-4.263256414560601e-14,-4.263256414560601e-14,0.0,23.355289381377553,0.0,0.0,0.0
38520,0.0,0.0,0,64730.58583785076,0.0,-4.263256414560601e-14,-4.263256414560601e-14,0.0,0.0,0.0,0.0,0.0
38640,0.0,0.0,0,59449.83034717793,0.0,-4.263256414560601e-14,-4.263256414560601e-14,0.0,0.0,0.0,0.0,0.0
38760,0.0,0.0,0,53352.79192243303,0.0,-4.263256414560601e-14,-4.263256414560601e-14,0.0,58.38822345344388,0.0,0.0,0.0
38880,0.0,0.0,0,49225.818867586095,0.0,58.388223453443835,-4.263256414560601e-14,0.0,0.0,0.0,0.0,0.0
39000,0.0,0.0,0,41484.536930006376,0.0,-4.263256414560601e-14,-4.263256414560601e-14,0.0,0.0,0.0,0.0,0.0
39120,0.0,0.0,0,28845.55738799426,0.0,-4.263256414560601e-14,-4.263256414560601e-14,0.0,0.0,0.0,0.0,0.0
39240,0.0,0.0,0,27284.209582270407,0.0,-4.263256414560601e-14,-4.263256414560601e-14,0.0,0.0,0.0,0.0,0.0
39360,0.0,0.0,0,17431.578344228314,0.0,-4.263256414560601e-14,-4.263256414560601e-14,0.0,0.0,0.0,0.0,0.0
39480,0.0,0.0,0,10470.394212372448,0.0,-4.263256414560601e-14,-4.263256414560601e-14,0.0,0.0,0.0,0.0,0.0
39600,0.0,781.25,0,32355.91966278699,0.0,-4.263256414560601e-14,-4.263256414560601e-14,0.0,23.355289381377553,0.0,0.0,0.0
39720,0.0,0.0,0,51116.44511320153,0.0,-4.263256414560601e-14,-4.263256414560601e-14,0.0,0.0,0.0,0.0,0.0
39840,0.0,0.0,0,51699.17515345982,0.0,23.35528938137751,-4.263256414560601e-14,0.0,0.0,0.0,0.0,0.0
39960,0.0,0.0,0,34930.91816804847,0.0,23.35528938137751,-4.263256414560601e-14,0.0,0.0,0.0,0.0,0.0
40080,0.0,0.0,0,48850.98204320791,0.0,23.35528938137751,-4.263256414560601e-14,0.0,0.0,0.0,0.0,0.0
40200,0.0,781.25,0,47031.57386001275,0.0,-4.263256414560601e-14,-4.263256414560601e-14,0.0,0.0,0.0,0.0,0.0
40320,0.0,0.0,0,40490.784937021686,0.0,-4.263256414560601e-14,-4.263256414560601e-14,0.0,0.0,0.0,0.0,0.0
40440,0.0,0.0,0,29462.16816804847,0.0,-4.263256414560601e-14,-4.263256414560601e-14,0.0,0.0,0.0,0.0,0.0
40560,0.0,0.0,0,16719.2420180963,0.0,-4.263256414560601e-14,-4.263256414560601e-14,0.0,0.0,0.0,0.0,0.0
40680,0.0,0.0,0,757.8947106186224,0.0,-4.263256414560601e-14,-4.263256414560601e-14,0.0,0.0,0.0,0.0,0.0
40800,0.0,781.25,0,2273.6841318558672,0.0,-4.263256414560601e-14,-4.263256414560601e-14,0.0,23.355289381377553,0.0,0.0,0.0
40920,0.0,0.0,0,7578.947106186224,0.0,-4.263256414560601e-14,-4.263256414560601e-14,0.0,0.0,0.0,0.0,0.0
41040,0.0,781.25,0,25745.064871651783,0.0,-4.263256414560601e-14,-4.263256414560601e-14,0.0,23.355289381377553,0.0,0.0,0.0
41160,0.0,0.0,0,46685.85329639668,0.0,-4.263256414560601e-14,-4.263256414560601e-14,0.0,0.0,0.0,0.0,0.0
41280,0.0,0.0,0,61610.194614955355,0.0,-4.263256414560601e-14,-4.263256414560601e-14,0.0,0.0,0.0,0.0,0.0
41400,0.0,0.0,0,55009.86527423469,0.0,58.388223453443835,-4.263256414560601e-14,0.0,0.0,0.0,0.0,0.0
41520,0.0,-0.0,0,54775.16018614477,0.0,-4.263256414560601e-14,-4.263256414560601e-14,0.0,0.0,0.0,0.0,0.0
41640,0.0,0.0,0,60790.455098054845,0.0,23.35528938137751,-4.263256414560601e-14,0.0,0.0,0.0,0.0,0.0
41760,0.0,781.25,0,45179.43713129783,0.0,-4.263256414560601e-14,-4.263256414560601e-14,0.0,23.355289381377553,0.0,0.0,0.0
41880,0.0,0.0,0,44876.97056361607,0.0,-4.263256414560601e-14,-4.263256414560601e-14,0.0,0.0,0.0,0.0,0.0
42000,0.0,0.0,0,37822.3652742347,0.0,-4.263256414560601e-14,-4.263256414560601e-14,0.0,58.38822345344388,0.0,0.0,0.0
42120,0.0,781.25,0,37378.61477598852,0.0,-4.263256414560601e-14,-4.263256414560601e-14,0.0,0.0,0.0,0.0,0.0
42240,0.0,0.0,0,32458.71407645089,0.0,-4.263256414560601e-14,-4.263256414560601e-14,0.0,0.0,0.0,0.0,0.0
42360,0.0,0.0,0,14503.946109693878,0.0,-4.263256414560601e-14,-4.263256414560601e-14,0.0,0.0,0.0,0.0,0.0
42480,0.0,0.0,0,0,0.0,-4.263256414560601e-14,-4.263256414560601e-14,0.0,0.0,0.0,0.0,0.0
42600,0.0,0.0,0,1515.7894212372448,0.0,-4.263256414560601e-14,-4.263256414560601e-14,0.0,0.0,0.0,0.0,0.0
42720,0.0,0.0,0,13642.104791135203,0.0,-4.263256414560601e-14,-4.263256414560601e-14,0.0,0.0,0.0,0.0,0.0
42840,0.0,0.0,0,17431.578344228314,0.0,-4.263256414560601e-14,-4.263256414560601e-14,0.0,0.0,0.0,0.0,0.0
42960,0.0,0.0,0,10610.525948660714,0.0,-4.263256414560601e-14,-4.263256414560601e-14,0.0,0.0,0.0,0.0,0.0
43080,0.0,-0.0,0,10562.663175621812,0.0,-4.263256414560601e-14,-4.263256414560601e-14,0.0,58.38822345344388,0.0,0.0,0.0
