study,horizon_s,weight_variant,k_max_bits,aos_T_a,load_scale,scheduler,n_seeds,mean_aos,goodput_mbps,active_overflow_frac,queue_slope_bits_per_cycle,chi_prime,mean_queue_bits,cg_mean_iters,cg_gap_frac,cg_gap_max,cg_nonconverged,greedy_aos,greedy_goodput_mbps,greedy_queue_bits
A,600,W0,5000000.0,300.0,1.0,aos_backpressure,3,4.682190145162385,245.0,0.024897479414320533,,,,,,,,,,
A,600,W0,50000000.0,300.0,1.0,aos_backpressure,3,18.13401184518189,245.0,1.0079457655547411e-15,,,,,,,,,,
A,600,W0,500000000.0,300.0,1.0,aos_backpressure,3,21.324468679258647,245.0,8.344555314426918e-16,,,,,,,,,,
A,600,W0,5000000000.0,300.0,1.0,aos_backpressure,3,21.324468679258647,245.0,8.344555314426918e-16,,,,,,,,,,
A,600,W1,5000000.0,300.0,1.0,aos_backpressure,3,4.682190145162385,245.0,0.024897479414320533,,,,,,,,,,
A,600,W1,50000000.0,300.0,1.0,aos_backpressure,3,16.170975658171077,245.0,8.75498571200115e-16,,,,,,,,,,
A,600,W1,500000000.0,300.0,1.0,aos_backpressure,3,30.608262297785856,244.27125093152068,6.265485126722799e-16,,,,,,,,,,
A,600,W1,5000000000.0,300.0,1.0,aos_backpressure,3,32.42714448672385,213.30669057172466,7.417122934580663e-16,,,,,,,,,,
A,600,W2,5000000.0,300.0,1.0,aos_backpressure,3,10.875296424026502,203.0151326705103,0.06330129954246672,,,,,,,,,,
A,600,W2,50000000.0,300.0,1.0,aos_backpressure,3,10.761635283668141,203.0151326705103,1.1315147055262083e-15,,,,,,,,,,
A,600,W2,500000000.0,300.0,1.0,aos_backpressure,3,10.761635283668141,203.0151326705103,1.1315147055262083e-15,,,,,,,,,,
A,600,W2,5000000000.0,300.0,1.0,aos_backpressure,3,10.761635283668141,203.0151326705103,1.1315147055262083e-15,,,,,,,,,,
A,600,W3,5000000.0,300.0,1.0,aos_backpressure,3,3.708343035787079,245.0,0.028254692641761368,,,,,,,,,,
A,600,W3,50000000.0,300.0,1.0,aos_backpressure,3,3.0467650936475645,245.0,6.754402396254749e-16,,,,,,,,,,
A,600,W3,500000000.0,300.0,1.0,aos_backpressure,3,3.0467650936475645,245.0,6.754402396254749e-16,,,,,,,,,,
A,600,W3,5000000000.0,300.0,1.0,aos_backpressure,3,3.0467650936475645,245.0,6.754402396254749e-16,,,,,,,,,,
A,3600,W0,5000000.0,300.0,1.0,aos_backpressure,1,2.746363408998616,245.0,0.05164375547358455,,,,,,,,,,
A,3600,W0,50000000.0,300.0,1.0,aos_backpressure,1,33.929804607396896,245.0,0.007482446873407269,,,,,,,,,,
A,3600,W0,500000000.0,300.0,1.0,aos_backpressure,1,24.29682120017145,245.0,2.9096830167501954e-15,,,,,,,,,,
A,3600,W0,5000000000.0,300.0,1.0,aos_backpressure,1,26.473799780428216,245.0,1.0340166175332635e-15,,,,,,,,,,
A,3600,W1,5000000.0,300.0,1.0,aos_backpressure,1,2.746363408998616,245.0,0.05164375547358455,,,,,,,,,,
A,3600,W1,50000000.0,300.0,1.0,aos_backpressure,1,15.535881817697408,245.0,0.01435486612848706,,,,,,,,,,
A,3600,W1,500000000.0,300.0,1.0,aos_backpressure,1,23.10093042623221,245.0,2.1178485690322674e-15,,,,,,,,,,
A,3600,W1,5000000000.0,300.0,1.0,aos_backpressure,1,37.51286365720919,214.3287916937377,1.2141001674192044e-15,,,,,,,,,,
A,3600,W2,5000000.0,300.0,1.0,aos_backpressure,1,10.510201593861247,203.81338158938559,0.0960110016229329,,,,,,,,,,
A,3600,W2,50000000.0,300.0,1.0,aos_backpressure,1,10.284477772118494,203.85986306518015,0.06506486578475791,,,,,,,,,,
A,3600,W2,500000000.0,300.0,1.0,aos_backpressure,1,10.284477772118494,203.85986306518015,4.220970546525166e-15,,,,,,,,,,
A,3600,W2,5000000000.0,300.0,1.0,aos_backpressure,1,10.284477772118494,203.85986306518015,4.220970546525166e-15,,,,,,,,,,
A,3600,W3,5000000.0,300.0,1.0,aos_backpressure,1,3.031022895313718,245.0,0.04357262593747288,,,,,,,,,,
A,3600,W3,50000000.0,300.0,1.0,aos_backpressure,1,0.9049480554919485,245.0,0.016526297921564966,,,,,,,,,,
A,3600,W3,500000000.0,300.0,1.0,aos_backpressure,1,0.8961829791975626,245.0,1.9389117165363467e-15,,,,,,,,,,
A,3600,W3,5000000000.0,300.0,1.0,aos_backpressure,1,0.8961829791975626,245.0,1.9389117165363467e-15,,,,,,,,,,
B,600,W3,5000000.0,300.0,1.0,aos_backpressure,3,3.708343035787079,245.0,0.028254692641761368,,,,,,,,,,
B,600,W3,5000000.0,300.0,1.0,key_rate_aware,3,21.438157586697,245.0,0.002546838687710449,,,,,,,,,,
B,600,W3,5000000.0,300.0,1.0,qkd_only,3,38.64285015061842,55.233527403000096,0.28047398538083423,,,,,,,,,,
B,600,W3,5000000.0,300.0,1.0,shortest_path,3,33.809723566066026,197.01066666666665,0.0033703269293309285,,,,,,,,,,
B,600,W3,50000000.0,300.0,1.0,aos_backpressure,3,3.0467650936475645,245.0,6.754402396254749e-16,,,,,,,,,,
B,600,W3,50000000.0,300.0,1.0,key_rate_aware,3,21.32446867926642,245.0,8.344555314426918e-16,,,,,,,,,,
B,600,W3,50000000.0,300.0,1.0,qkd_only,3,38.592968789220365,55.38155078130587,2.2312873586439987e-15,,,,,,,,,,
B,600,W3,50000000.0,300.0,1.0,shortest_path,3,33.703161850398025,197.01066666666665,8.450647484918458e-16,,,,,,,,,,
B,600,W3,500000000.0,300.0,1.0,aos_backpressure,3,3.0467650936475645,245.0,6.754402396254749e-16,,,,,,,,,,
B,600,W3,500000000.0,300.0,1.0,key_rate_aware,3,21.32446867926642,245.0,8.344555314426918e-16,,,,,,,,,,
B,600,W3,500000000.0,300.0,1.0,qkd_only,3,38.592968789220365,55.38155078130587,2.2312873586439987e-15,,,,,,,,,,
B,600,W3,500000000.0,300.0,1.0,shortest_path,3,33.703161850398025,197.01066666666665,8.450647484918458e-16,,,,,,,,,,
B,600,W3,5000000000.0,300.0,1.0,aos_backpressure,3,3.0467650936475645,245.0,6.754402396254749e-16,,,,,,,,,,
B,600,W3,5000000000.0,300.0,1.0,key_rate_aware,3,21.32446867926642,245.0,8.344555314426918e-16,,,,,,,,,,
B,600,W3,5000000000.0,300.0,1.0,qkd_only,3,38.592968789220365,55.38155078130587,2.2312873586439987e-15,,,,,,,,,,
B,600,W3,5000000000.0,300.0,1.0,shortest_path,3,33.703161850398025,197.01066666666665,8.450647484918458e-16,,,,,,,,,,
B,3600,W3,5000000.0,300.0,1.0,aos_backpressure,1,3.031022895313718,245.0,0.04357262593747288,,,,,,,,,,
B,3600,W3,5000000.0,300.0,1.0,key_rate_aware,1,26.64776993408695,245.0,0.0032517060481837235,,,,,,,,,,
B,3600,W3,5000000.0,300.0,1.0,qkd_only,1,44.61745705786672,61.9161886435092,0.3535603553305615,,,,,,,,,,
B,3600,W3,5000000.0,300.0,1.0,shortest_path,1,37.81963229272489,196.3351111111111,0.004317699629459773,,,,,,,,,,
B,3600,W3,50000000.0,300.0,1.0,aos_backpressure,1,0.9049480554919485,245.0,0.016526297921564966,,,,,,,,,,
B,3600,W3,50000000.0,300.0,1.0,key_rate_aware,1,26.473799780428322,245.0,1.0340166175332635e-15,,,,,,,,,,
B,3600,W3,50000000.0,300.0,1.0,qkd_only,1,43.75708781467342,65.56192362321175,0.19208159405530165,,,,,,,,,,
B,3600,W3,50000000.0,300.0,1.0,shortest_path,1,37.66341839428354,196.3351111111111,1.109750296622378e-15,,,,,,,,,,
B,3600,W3,500000000.0,300.0,1.0,aos_backpressure,1,0.8961829791975626,245.0,1.9389117165363467e-15,,,,,,,,,,
B,3600,W3,500000000.0,300.0,1.0,key_rate_aware,1,26.473799780428322,245.0,1.0340166175332635e-15,,,,,,,,,,
B,3600,W3,500000000.0,300.0,1.0,qkd_only,1,43.75275878773603,65.56192362321175,1.1831265677161646e-14,,,,,,,,,,
B,3600,W3,500000000.0,300.0,1.0,shortest_path,1,37.66341839428354,196.3351111111111,1.109750296622378e-15,,,,,,,,,,
B,3600,W3,5000000000.0,300.0,1.0,aos_backpressure,1,0.8961829791975626,245.0,1.9389117165363467e-15,,,,,,,,,,
B,3600,W3,5000000000.0,300.0,1.0,key_rate_aware,1,26.473799780428322,245.0,1.0340166175332635e-15,,,,,,,,,,
B,3600,W3,5000000000.0,300.0,1.0,qkd_only,1,43.75275878773603,65.56192362321175,1.1831265677161646e-14,,,,,,,,,,
B,3600,W3,5000000000.0,300.0,1.0,shortest_path,1,37.66341839428354,196.3351111111111,1.109750296622378e-15,,,,,,,,,,
C,600,W3,500000000,120.0,1.0,aos_backpressure,3,2.7285024362663073,245.0,6.902078779818281e-16,,,,,,,,,,
C,600,W3,500000000,120.0,1.0,key_rate_aware,3,10.70174140653915,245.0,8.344555314426918e-16,,,,,,,,,,
C,600,W3,500000000,120.0,1.0,shortest_path,3,23.080434577670747,197.01066666666665,8.450647484918458e-16,,,,,,,,,,
C,600,W3,500000000,300.0,1.0,aos_backpressure,3,3.0467650936475645,245.0,6.754402396254749e-16,,,,,,,,,,
C,600,W3,500000000,300.0,1.0,key_rate_aware,3,21.32446867926642,245.0,8.344555314426918e-16,,,,,,,,,,
C,600,W3,500000000,300.0,1.0,shortest_path,3,33.703161850398025,197.01066666666665,8.450647484918458e-16,,,,,,,,,,
C,600,W3,500000000,600.0,1.0,aos_backpressure,3,3.0676416264364375,245.0,6.752640907437789e-16,,,,,,,,,,
C,600,W3,500000000,600.0,1.0,key_rate_aware,3,28.119923224720967,245.0,8.344555314426918e-16,,,,,,,,,,
C,600,W3,500000000,600.0,1.0,shortest_path,3,40.498616395852565,197.01066666666665,8.450647484918458e-16,,,,,,,,,,
C,600,W3,500000000,1200.0,1.0,aos_backpressure,3,3.0676416264364375,245.0,6.752640907437789e-16,,,,,,,,,,
C,600,W3,500000000,1200.0,1.0,key_rate_aware,3,28.119923224720967,245.0,8.344555314426918e-16,,,,,,,,,,
C,600,W3,500000000,1200.0,1.0,shortest_path,3,40.498616395852565,197.01066666666665,8.450647484918458e-16,,,,,,,,,,
E,600,drift,5000000.0,300.0,1.0,aos_cg,3,2.174639144975743,245.0,0.039703609934195146,,,,,,,,,,
E,600,drift,50000000.0,300.0,1.0,aos_cg,3,2.0711088476649127,245.0,9.490475831096102e-16,,,,,,,,,,
E,600,drift,500000000.0,300.0,1.0,aos_cg,3,2.0711088476649127,245.0,9.490475831096102e-16,,,,,,,,,,
E,600,drift,5000000000.0,300.0,1.0,aos_cg,3,2.0711088476649127,245.0,9.490475831096102e-16,,,,,,,,,,
E,3600,drift,5000000.0,300.0,1.0,aos_cg,1,1.042492436662273,245.0,0.052256971976446014,,,,,,,,,,
E,3600,drift,50000000.0,300.0,1.0,aos_cg,1,0.8717312875537563,245.0,0.016470545364688158,,,,,,,,,,
E,3600,drift,500000000.0,300.0,1.0,aos_cg,1,0.8716866766943273,245.0,2.2006762245682466e-15,,,,,,,,,,
E,3600,drift,5000000000.0,300.0,1.0,aos_cg,1,0.8716866766943273,245.0,2.2006762245682466e-15,,,,,,,,,,
F,600,drift,500000000,300.0,1.0,aos_cg,3,67.67277945779357,245.0,6.916571318044074e-16,,0.005,0.0,,,,,,,
F,600,drift,500000000,300.0,1.0,aos_cg,3,67.66682365799166,245.0,6.909180932909335e-16,,5.0,0.0,,,,,,,
F,600,drift,500000000,300.0,1.0,aos_cg,3,12.32953173837427,245.0,1.0706828731582795e-15,,500.0,0.0,,,,,,,
F,600,drift,500000000,300.0,1.0,aos_cg,3,2.0711088476649127,245.0,9.490475831096102e-16,,5000.0,0.0,,,,,,,
F,600,drift,500000000,300.0,1.0,aos_cg,3,13.817478666639248,245.0,9.383632793406063e-16,,50000.0,0.0,,,,,,,
F,600,drift,500000000,300.0,1.0,aos_cg,3,14.363496936082965,245.0,7.360147828178511e-16,,500000.0,16286825.409999998,,,,,,,
F,600,drift,500000000,300.0,1.0,aos_cg,3,24.12743495152473,244.45198779354897,7.883554790919521e-16,,5000000.0,1040782498.5049998,,,,,,,
F,600,drift,500000000,300.0,1.0,aos_cg,3,21.546559231377895,236.0160457454501,8.088222919954894e-16,,50000000.0,5741407354.383332,,,,,,,
G,600,drift,500000000,300.0,0.5,aos_cg,3,0.9133032293680031,122.5,,,,0.0,1.0,-2.9914342607955605e-17,2.9605947323337506e-16,0.0,0.9133032293680031,122.5,0.0
G,600,drift,500000000,300.0,1.0,aos_cg,3,2.0711088476649127,245.0,,,,0.0,1.0,-2.2266139549426752e-17,3.3306690738754696e-16,0.0,2.083232220405994,245.0,0.0
G,600,drift,500000000,300.0,1.5,aos_cg,3,27.926044034683894,332.81993200768727,,,,10902084186.566666,1.0094444444444444,0.47400342012949775,0.4974672477719442,0.0,20.64861476642507,332.72266928965774,10957463898.152222
G,600,drift,500000000,300.0,2.0,aos_cg,3,46.154892579592065,405.2525199962266,,,,25932249666.129444,1.0222222222222224,0.4834280172914253,0.4983661111791477,0.0,32.72461077188038,405.1206612984771,25997506169.754444
G,600,drift,500000000,300.0,3.0,aos_cg,3,83.20223496898309,515.0049915159447,,,,68216514465.556114,1.0216666666666667,0.49069951086817376,0.4995706706640643,0.0,71.56626145458755,512.8939344104326,68762480351.37279
G,600,drift,500000000,300.0,4.0,aos_cg,3,100.53143275512976,567.5939461091227,,,,126640794336.90944,1.0316666666666667,0.4934086334656116,0.49983057697239475,0.0,88.28475412896732,566.5877207604407,127103861508.69
G,600,drift,500000000,300.0,8.0,aos_cg,3,107.67020837858861,587.5579466178392,,,,416037987401.56836,1.0416666666666667,0.4970339046400525,0.5000003000373477,0.0,101.16958223699659,586.3550157703745,416541271033.9261
D,1800,W3,500000000,300.0,0.5,aos_cg,1,0.4942773551093152,122.5,nan,0.0,,,,,,,,,
D,1800,W3,500000000,300.0,0.5,aos_greedy,1,0.4942773551093152,122.5,nan,0.0,,,,,,,,,
D,1800,W3,500000000,300.0,0.5,aos_backpressure,1,0.42739720367186895,122.5,nan,0.0,,,,,,,,,
D,1800,W3,500000000,300.0,0.5,aos_ideal,1,195.61497606055053,118.9258320848768,nan,391020.76788056176,,,,,,,,,
D,1800,W3,500000000,300.0,0.5,shortest_path,1,25.527718673173684,122.5,nan,0.0,,,,,,,,,
D,1800,W3,500000000,300.0,0.75,aos_cg,1,0.473140596664777,183.75,nan,0.0,,,,,,,,,
D,1800,W3,500000000,300.0,0.75,aos_greedy,1,0.47353860430448713,183.75,nan,0.0,,,,,,,,,
D,1800,W3,500000000,300.0,0.75,aos_backpressure,1,0.5078850980485201,183.75,nan,0.0,,,,,,,,,
D,1800,W3,500000000,300.0,0.75,aos_ideal,1,201.12661546734512,180.1446545496027,nan,166983.26521140538,,,,,,,,,
D,1800,W3,500000000,300.0,0.75,shortest_path,1,36.81341138360889,160.20940492181072,nan,23800000.00000001,,,,,,,,,
D,1800,W3,500000000,300.0,1.0,aos_cg,1,0.9980102904984329,245.0,nan,0.0,,,,,,,,,
D,1800,W3,500000000,300.0,1.0,aos_greedy,1,1.0087391600702245,245.0,nan,0.0,,,,,,,,,
D,1800,W3,500000000,300.0,1.0,aos_backpressure,1,1.3632204489049724,245.0,nan,0.0,,,,,,,,,
D,1800,W3,500000000,300.0,1.0,aos_ideal,1,194.21126387657958,238.40155001095144,nan,138190.37814751134,,,,,,,,,
D,1800,W3,500000000,300.0,1.0,shortest_path,1,36.93465988485864,196.47022222222222,nan,48800000.00000001,,,,,,,,,
D,1800,W3,500000000,300.0,1.25,aos_cg,1,23.17921316314481,296.2742423028172,nan,9775517.594894046,,,,,,,,,
D,1800,W3,500000000,300.0,1.25,aos_greedy,1,17.971444367221178,296.24292497218687,nan,9776059.700347632,,,,,,,,,
D,1800,W3,500000000,300.0,1.25,aos_backpressure,1,15.193316734533603,295.2579121891175,nan,10467936.588842442,,,,,,,,,
D,1800,W3,500000000,300.0,1.25,aos_ideal,1,196.5485377567512,288.1115217613564,nan,12095470.459145095,,,,,,,,,
D,1800,W3,500000000,300.0,1.25,shortest_path,1,47.634740811497956,231.2966280193552,nan,74031642.43071948,,,,,,,,,
D,1800,W3,500000000,300.0,1.5,aos_cg,1,28.21599654615067,332.53970758376823,nan,34775517.594878785,,,,,,,,,
D,1800,W3,500000000,300.0,1.5,aos_greedy,1,21.269494837491226,332.50839025313786,nan,34776056.648999825,,,,,,,,,
D,1800,W3,500000000,300.0,1.5,aos_backpressure,1,20.754106760064218,331.3417235864712,nan,35171814.56441838,,,,,,,,,
D,1800,W3,500000000,300.0,1.5,aos_ideal,1,197.95411101810018,324.3627948428169,nan,35946771.89834117,,,,,,,,,
D,1800,W3,500000000,300.0,1.5,shortest_path,1,57.956085152927,253.99084928316913,nan,112828173.67880838,,,,,,,,,
D,1800,W3,500000000,300.0,1.75,aos_cg,1,34.899033795758804,368.78970758376823,nan,59775517.594878785,,,,,,,,,
D,1800,W3,500000000,300.0,1.75,aos_greedy,1,27.81907485889102,368.75839025313786,nan,59776056.60323038,,,,,,,,,
D,1800,W3,500000000,300.0,1.75,aos_backpressure,1,26.14454961698526,358.8772552954497,nan,67259181.83953308,,,,,,,,,
D,1800,W3,500000000,300.0,1.75,aos_ideal,1,199.48802270288908,360.4696494030847,nan,61706323.84694062,,,,,,,,,
D,1800,W3,500000000,300.0,1.75,shortest_path,1,59.02808169191861,267.75166658358063,nan,160337420.8626846,,,,,,,,,
D,1800,W3,500000000,300.0,2.0,aos_cg,1,46.056021070885606,405.02034806757854,nan,84775517.59487705,,,,,,,,,
D,1800,W3,500000000,300.0,2.0,aos_greedy,1,33.4926768824157,404.9528346975823,nan,84775724.63494079,,,,,,,,,
D,1800,W3,500000000,300.0,2.0,aos_backpressure,1,29.84897135939632,379.1697465535685,nan,115180884.65929733,,,,,,,,,
D,1800,W3,500000000,300.0,2.0,aos_ideal,1,201.44969725272475,394.9502738821557,nan,87398535.92280014,,,,,,,,,
D,1800,W3,500000000,300.0,2.0,shortest_path,1,65.52891942930262,280.45670514780613,nan,209985986.47093788,,,,,,,,,
